/*
 Navicat Premium Data Transfer

 Source Server         : test
 Source Server Type    : MySQL
 Source Server Version : 80021
 Source Host           : localhost:3306
 Source Schema         : ss_create_class

 Target Server Type    : MySQL
 Target Server Version : 80021
 File Encoding         : 65001

 Date: 22/12/2020 13:18:59
*/

SET NAMES utf8mb4;
SET FOREIGN_KEY_CHECKS = 0;

-- ----------------------------
-- Table structure for assistant
-- ----------------------------
DROP TABLE IF EXISTS `assistant`;
CREATE TABLE `assistant`  (
  `id` int(0) NOT NULL AUTO_INCREMENT COMMENT 'id',
  `nickname` varchar(50) CHARACTER SET utf8 COLLATE utf8_general_ci NOT NULL DEFAULT '' COMMENT '宣传姓名',
  `userid` int(0) NOT NULL COMMENT '用户ID',
  `passport` varchar(255) CHARACTER SET utf8 COLLATE utf8_general_ci NULL DEFAULT NULL COMMENT '密码',
  `atelephone` varchar(255) CHARACTER SET utf8 COLLATE utf8_general_ci NULL DEFAULT NULL COMMENT '教师电话号码',
  `institutionId` int(0) NULL DEFAULT NULL COMMENT '机构',
  `environmenttag` int(0) NULL DEFAULT NULL COMMENT '0表示线上，1表示线下',
  PRIMARY KEY (`id`) USING BTREE,
  INDEX `index_user_id`(`userid`) USING BTREE
) ENGINE = InnoDB AUTO_INCREMENT = 241320 CHARACTER SET = utf8 COLLATE = utf8_general_ci COMMENT = '教师表' ROW_FORMAT = Dynamic;

-- ----------------------------
-- Records of assistant
-- ----------------------------
INSERT INTO `assistant` VALUES (53205, '数4', 2418541, 'ss123456', '15500000004', 1591, 1);
INSERT INTO `assistant` VALUES (54151, 'lyl测试助教001', 2685239, 'ss123456', '1888800001', 1591, 1);
INSERT INTO `assistant` VALUES (54152, 'lyl测试助教002', 2685240, 'ss123456', '1888800002', 1591, 1);
INSERT INTO `assistant` VALUES (54214, 'lyl助教测试005', 2706366, 'ss123456', '1888800005', 1591, 1);
INSERT INTO `assistant` VALUES (54216, 'lyl助教测试007', 2706368, 'ss123456', '1888800007', 1591, 1);
INSERT INTO `assistant` VALUES (54401, '魏璎珞', 2709986, 'ss123456', '17716666661', 1591, 1);
INSERT INTO `assistant` VALUES (54402, '萧薰儿', 2709988, 'ss123456', '17716666662', 1591, 1);
INSERT INTO `assistant` VALUES (54403, '端木怜', 2709989, 'ss123456', '17716666663', 1591, 1);
INSERT INTO `assistant` VALUES (54404, '尹亦熙 ', 2709990, 'ss123456', '17716666664', 1591, 1);
INSERT INTO `assistant` VALUES (54405, '兰婧雪 ', 2709991, 'ss123456', '17716666665', 1591, 1);
INSERT INTO `assistant` VALUES (54406, '路玄情 ', 2709992, 'ss123456', '17716666666', 1591, 1);
INSERT INTO `assistant` VALUES (54407, '南宫林', 2709993, 'ss123456', '17716666667', 1591, 1);
INSERT INTO `assistant` VALUES (54408, '楼若淳 ', 2709994, 'ss123456', '17716666668', 1591, 1);
INSERT INTO `assistant` VALUES (54409, '赵玟曼 ', 2709995, 'ss123456', '17716666669', 1591, 1);
INSERT INTO `assistant` VALUES (54410, '夜凌音', 2709996, 'ss123456', '17716666670', 1591, 1);
INSERT INTO `assistant` VALUES (54411, '沈伊心', 2709997, 'ss123456', '17716666671', 1591, 1);
INSERT INTO `assistant` VALUES (54412, '方沐霖 ', 2709998, 'ss123456', '17716666672', 1591, 1);
INSERT INTO `assistant` VALUES (54413, '莫筱竹 ', 2709999, 'ss123456', '17716666673', 1591, 1);
INSERT INTO `assistant` VALUES (54414, '冷凝霜 ', 2710000, 'ss123456', '17716666674', 1591, 1);
INSERT INTO `assistant` VALUES (54415, '田昕妍', 2710001, 'ss123456', '17716666675', 1591, 1);
INSERT INTO `assistant` VALUES (54416, '冷紫溪 ', 2710002, 'ss123456', '17716666676', 1591, 1);
INSERT INTO `assistant` VALUES (54417, '柳溢雅 ', 2710003, 'ss123456', '17716666677', 1591, 1);
INSERT INTO `assistant` VALUES (54419, '朱茵洛 ', 2710344, 'ss123456', '17716666678', 1591, 1);
INSERT INTO `assistant` VALUES (54420, '岳水月', 2710345, 'ss123456', '17716666679', 1591, 1);
INSERT INTO `assistant` VALUES (54421, '萧冷玉 ', 2710346, 'ss123456', '17716666680', 1591, 1);
INSERT INTO `assistant` VALUES (54422, '黎兮渃 ', 2710347, 'ss123456', '17716666681', 1591, 1);
INSERT INTO `assistant` VALUES (54423, '千紫依', 2710348, 'ss123456', '17716666682', 1591, 1);
INSERT INTO `assistant` VALUES (54424, '莫瑾萱', 2710349, 'ss123456', '17716666683', 1591, 1);
INSERT INTO `assistant` VALUES (54425, '林宛白 ', 2710350, 'ss123456', '17716666684', 1591, 1);
INSERT INTO `assistant` VALUES (54426, '文斯吟 ', 2710351, 'ss123456', '17716666685', 1591, 1);
INSERT INTO `assistant` VALUES (54427, '夏雨梦 ', 2710352, 'ss123456', '17716666686', 1591, 1);
INSERT INTO `assistant` VALUES (54428, '郭英溪', 2710353, 'ss123456', '17716666687', 1591, 1);
INSERT INTO `assistant` VALUES (54429, '楚善文', 2710354, 'ss123456', '17716666688', 1591, 1);
INSERT INTO `assistant` VALUES (54430, '白转千 ', 2710355, 'ss123456', '17716666689', 1591, 1);
INSERT INTO `assistant` VALUES (54431, '宋芷芸', 2710356, 'ss123456', '17716666690', 1591, 1);
INSERT INTO `assistant` VALUES (54432, '林薇蜜', 2710357, 'ss123456', '17716666691', 1591, 1);
INSERT INTO `assistant` VALUES (54433, '夏尔若 ', 2710358, 'ss123456', '17716666692', 1591, 1);
INSERT INTO `assistant` VALUES (54434, '秦以寒 ', 2710359, 'ss123456', '17716666693', 1591, 1);
INSERT INTO `assistant` VALUES (54435, '蒋千默 ', 2710360, 'ss123456', '17716666694', 1591, 1);
INSERT INTO `assistant` VALUES (54436, '安盈盈', 2710361, 'ss123456', '17716666695', 1591, 1);
INSERT INTO `assistant` VALUES (178099, 'lyl测试助教111', 4778874, 'ss123456', '18888000111', 1591, 0);
INSERT INTO `assistant` VALUES (178103, 'lyl测试助教112', 4778879, 'ss123456', '18888000112', 1591, 0);
INSERT INTO `assistant` VALUES (178104, 'lyl测试助教113', 4778880, 'ss123456', '18888000113', 1591, 0);
INSERT INTO `assistant` VALUES (241269, '魏璎珞', 5973922, 'ss123456', '17716666661', 1591, 0);
INSERT INTO `assistant` VALUES (241270, '萧薰儿', 5973927, 'ss123456', '17716666662', 1591, 0);
INSERT INTO `assistant` VALUES (241271, '端木怜', 5973938, 'ss123456', '17716666663', 1591, 0);
INSERT INTO `assistant` VALUES (241272, '尹亦熙 ', 5973941, 'ss123456', '17716666664', 1591, 0);
INSERT INTO `assistant` VALUES (241273, '兰婧雪 ', 5973946, 'ss123456', '17716666665', 1591, 0);
INSERT INTO `assistant` VALUES (241274, '路玄情 ', 5973949, 'ss123456', '17716666666', 1591, 0);
INSERT INTO `assistant` VALUES (241275, '南宫林', 5973952, 'ss123456', '17716666667', 1591, 0);
INSERT INTO `assistant` VALUES (241292, '楼若淳', 5974305, 'ss123456', '17716666668', 1591, 0);
INSERT INTO `assistant` VALUES (241293, '赵玟曼 ', 5974309, 'ss123456', '17716666669', 1591, 0);
INSERT INTO `assistant` VALUES (241294, '夜凌音 ', 5974316, 'ss123456', '17716666670', 1591, 0);
INSERT INTO `assistant` VALUES (241295, '沈伊心', 5974320, 'ss123456', '17716666671', 1591, 0);
INSERT INTO `assistant` VALUES (241296, '方沐霖 ', 5974321, 'ss123456', '17716666672', 1591, 0);
INSERT INTO `assistant` VALUES (241297, '莫筱竹', 5974323, 'ss123456', '17716666673', 1591, 0);
INSERT INTO `assistant` VALUES (241298, '冷凝霜 ', 5974328, 'ss123456', '17716666674', 1591, 0);
INSERT INTO `assistant` VALUES (241299, '田昕妍', 5974329, 'ss123456', '17716666675', 1591, 0);
INSERT INTO `assistant` VALUES (241300, '冷紫溪 ', 5974331, 'ss123456', '17716666676', 1591, 0);
INSERT INTO `assistant` VALUES (241301, '柳溢雅', 5974336, 'ss123456', '17716666677', 1591, 0);
INSERT INTO `assistant` VALUES (241302, '朱茵洛', 5974337, 'ss123456', '17716666678', 1591, 0);
INSERT INTO `assistant` VALUES (241303, '岳水月', 5974339, 'ss123456', '17716666679', 1591, 0);
INSERT INTO `assistant` VALUES (241304, '萧冷玉 ', 5974342, 'ss123456', '17716666680', 1591, 0);
INSERT INTO `assistant` VALUES (241305, '黎兮渃 ', 5974344, 'ss123456', '17716666681', 1591, 0);
INSERT INTO `assistant` VALUES (241307, '千紫依 ', 5974346, 'ss123456', '17716666682', 1591, 0);
INSERT INTO `assistant` VALUES (241308, '莫瑾萱', 5974348, 'ss123456', '17716666683', 1591, 0);
INSERT INTO `assistant` VALUES (241309, '林宛白', 5974349, 'ss123456', '17716666684', 1591, 0);
INSERT INTO `assistant` VALUES (241310, '文斯吟', 5974351, 'ss123456', '17716666685', 1591, 0);
INSERT INTO `assistant` VALUES (241311, '夏雨梦', 5974354, 'ss123456', '17716666686', 1591, 0);
INSERT INTO `assistant` VALUES (241312, '郭英溪', 5974357, 'ss123456', '17716666687', 1591, 0);
INSERT INTO `assistant` VALUES (241313, '楚善文', 5974360, 'ss123456', '17716666688', 1591, 0);
INSERT INTO `assistant` VALUES (241314, '白转千 ', 5974361, 'ss123456', '17716666689', 1591, 0);
INSERT INTO `assistant` VALUES (241315, '宋芷芸 ', 5974363, 'ss123456', '17716666690', 1591, 0);
INSERT INTO `assistant` VALUES (241316, '林薇蜜', 5974364, 'ss123456', '17716666691', 1591, 0);
INSERT INTO `assistant` VALUES (241317, '夏尔若 ', 5974367, 'ss123456', '17716666692', 1591, 0);
INSERT INTO `assistant` VALUES (241318, '秦以寒', 5974371, 'ss123456', '17716666693', 1591, 0);
INSERT INTO `assistant` VALUES (241319, '蒋千默', 5974373, 'ss123456', '17716666694', 1591, 0);
INSERT INTO `assistant` VALUES (241320, '安盈盈', 5974376, 'ss123456', '17716666695', 1591, 0);

-- ----------------------------
-- Table structure for class
-- ----------------------------
DROP TABLE IF EXISTS `class`;
CREATE TABLE `class`  (
  `id` int(0) NOT NULL AUTO_INCREMENT COMMENT 'id',
  `classname` varchar(50) CHARACTER SET utf8 COLLATE utf8_general_ci NOT NULL DEFAULT '' COMMENT '班级名称',
  `bigclassid` int(0) NOT NULL DEFAULT -1 COMMENT '大班id',
  `studentnumber` int(0) NOT NULL DEFAULT 0 COMMENT '学生数',
  `createtime` datetime(0) NOT NULL DEFAULT '1970-01-01 00:00:00' COMMENT '创建时间',
  `begintime` datetime(0) NOT NULL DEFAULT '1970-01-01 00:00:00' COMMENT '开始时间',
  `endtime` datetime(0) NOT NULL DEFAULT '1970-01-01 00:00:00' COMMENT '结束时间',
  `classtype` int(0) NULL DEFAULT NULL COMMENT '班级类型：0是直播课，1是ai好课',
  `lecturerid` int(0) NULL DEFAULT NULL COMMENT '主讲老师电话',
  `assistantid` int(0) NULL DEFAULT NULL COMMENT '助教老师电话',
  `studentids` varchar(1000) CHARACTER SET utf8 COLLATE utf8_bin NULL DEFAULT NULL COMMENT '学生id',
  `userid` int(0) NULL DEFAULT NULL COMMENT '创建用户id',
  `environmenttag` int(0) NULL DEFAULT NULL COMMENT '0表示线上，1表示线下',
  PRIMARY KEY (`id`) USING BTREE,
  INDEX `lecturerid`(`lecturerid`) USING BTREE,
  INDEX `assistantid`(`assistantid`) USING BTREE,
  INDEX `userid`(`userid`) USING BTREE,
  CONSTRAINT `assistantid` FOREIGN KEY (`assistantid`) REFERENCES `assistant` (`id`) ON DELETE RESTRICT ON UPDATE RESTRICT,
  CONSTRAINT `lecturerid` FOREIGN KEY (`lecturerid`) REFERENCES `lecturer` (`id`) ON DELETE RESTRICT ON UPDATE RESTRICT,
  CONSTRAINT `userid` FOREIGN KEY (`userid`) REFERENCES `myuser` (`userid`) ON DELETE RESTRICT ON UPDATE RESTRICT
) ENGINE = InnoDB AUTO_INCREMENT = 4665205 CHARACTER SET = utf8 COLLATE = utf8_bin ROW_FORMAT = Dynamic;

-- ----------------------------
-- Records of class
-- ----------------------------
INSERT INTO `class` VALUES (4665086, '【系】双师购买测试', 6643350, 3, '2020-11-20 10:48:55', '2020-11-20 10:48:55', '2021-03-05 10:48:55', 0, 241213, 54401, '18819999096,18819999095,18819999094', 1, 0);
INSERT INTO `class` VALUES (4665087, '【系】双师购买测试', 6643364, 3, '2020-11-20 10:53:05', '2020-11-20 10:53:05', '2021-03-05 10:53:05', 0, 241219, 54436, '18819999079,18819999078,18819999077', 1, 0);
INSERT INTO `class` VALUES (4665088, '【系】双师购买测试', 6643498, 3, '2020-11-20 11:44:22', '2020-11-20 11:44:22', '2021-03-05 11:44:22', 0, 54445, 241319, '18819999014,18819999013,18819999012', 1, 0);
INSERT INTO `class` VALUES (4665089, '【系】双师购买测试肉肉', 1000007411, 3, '2020-11-24 07:08:24', '2020-11-24 07:08:24', '2021-03-09 07:08:24', 0, 54445, 54401, '18819999009,18819999010,18819999008', 1, 1);
INSERT INTO `class` VALUES (4665090, '【系】双师上课测试1124', 1000007422, 3, '2020-11-24 09:43:14', '2020-11-24 09:43:14', '2021-03-09 09:43:14', 0, 54446, 54436, '18819999084,18819999085,18819999086', 1, 1);
INSERT INTO `class` VALUES (4665091, '【系】课后榜单自我巩固榜单测试', 1000007483, 3, '2020-11-27 06:38:41', '2020-11-27 06:38:41', '2021-03-12 06:38:41', 0, 54445, 54401, '18819999075,18819999076,18819999074', 1, 1);
INSERT INTO `class` VALUES (4665092, '【系】腾讯SDK测试1127', 1000007489, 4, '2020-11-27 08:08:06', '2020-11-27 08:08:06', '2021-03-12 08:08:06', 0, 54445, 54401, '18819999047,18819999045,18819999046,18819999044', 1, 1);
INSERT INTO `class` VALUES (4665093, '【系】腾讯SDK测试课程1843', 1000007492, 4, '2020-11-27 10:44:48', '2020-11-27 10:44:48', '2021-03-12 10:44:48', 0, 54445, 54403, '18819999027,18819999028,18819999025,18819999026', 1, 1);
INSERT INTO `class` VALUES (4665094, '【系】双师购买测试', 1000007494, 3, '2020-11-27 10:49:28', '2020-11-27 10:49:28', '2021-03-12 10:49:28', 0, 54445, 54401, '18819999052,18819999053,18819999054', 1, 1);
INSERT INTO `class` VALUES (4665095, '【系】腾讯SDK1856', 1000007498, 3, '2020-11-27 10:56:51', '2020-11-27 10:56:51', '2021-03-12 10:56:51', 0, 54444, 54405, '18819999023,18819999021,18819999022', 1, 1);
INSERT INTO `class` VALUES (4665096, '【系】cc直播答题器测试', 6655505, 4, '2020-11-27 11:12:10', '2020-11-27 11:12:10', '2021-03-12 11:12:10', 0, 241236, 241273, '18819999090,18819999089,18819999088,18819999087', 1, 0);
INSERT INTO `class` VALUES (4665107, '【系】课后榜单自我巩固榜单测试', 4665097, 3, '2020-11-28 01:38:22', '2020-11-28 01:38:22', '2021-03-13 01:38:22', 0, 54445, 54401, '18819999075,18819999076,18819999074', 1, 1);
INSERT INTO `class` VALUES (4665108, '【系】课后榜单自我巩固榜单测试', 4665098, 3, '2020-11-28 01:38:22', '2020-11-28 01:38:22', '2021-03-13 01:38:22', 0, 54445, 54401, '18819999075,18819999076,18819999074', 1, 1);
INSERT INTO `class` VALUES (4665109, '【系】课后榜单自我巩固榜单测试', 4665097, 3, '2020-11-28 01:46:05', '2020-11-28 01:46:05', '2021-03-13 01:46:05', 0, 54445, 54401, '18819999075,18819999076,18819999074', 1, 1);
INSERT INTO `class` VALUES (4665110, '【系】课后榜单自我巩固榜单测试', 4665098, 3, '2020-11-28 01:46:05', '2020-11-28 01:46:05', '2021-03-13 01:46:05', 0, 54445, 54401, '18819999075,18819999076,18819999074', 1, 1);
INSERT INTO `class` VALUES (4665111, '【系】课后榜单自我巩固榜单测试', 4665097, 3, '2020-11-28 01:48:52', '2020-11-28 01:48:52', '2021-03-13 01:48:52', 0, 54445, 54401, '18819999075,18819999076,18819999074', 1, 1);
INSERT INTO `class` VALUES (4665112, '【系】课后榜单自我巩固榜单测试', 4665098, 3, '2020-11-28 01:48:52', '2020-11-28 01:48:52', '2021-03-13 01:48:52', 0, 54445, 54401, '18819999075,18819999076,18819999074', 1, 1);
INSERT INTO `class` VALUES (4665113, '【系】课后榜单自我巩固榜单测试', 4665097, 3, '2020-11-28 04:06:25', '2020-11-28 04:06:25', '2021-03-13 04:06:25', 0, 54445, 54401, '18819999075,18819999076,18819999074', 1, 1);
INSERT INTO `class` VALUES (4665114, '【系】课后榜单自我巩固榜单测试', 4665098, 3, '2020-11-28 04:06:25', '2020-11-28 04:06:25', '2021-03-13 04:06:25', 0, 54445, 54401, '18819999075,18819999076,18819999074', 1, 1);
INSERT INTO `class` VALUES (4665115, '【系】课后榜单自我巩固榜单测试', 4665097, 3, '2020-11-28 04:10:36', '2020-11-28 04:10:36', '2021-03-13 04:10:36', 0, 54445, 54401, '18819999075,18819999076,18819999074', 1, 1);
INSERT INTO `class` VALUES (4665116, '【系】课后榜单自我巩固榜单测试', 4665098, 3, '2020-11-28 04:10:36', '2020-11-28 04:10:36', '2021-03-13 04:10:36', 0, 54445, 54401, '18819999075,18819999076,18819999074', 1, 1);
INSERT INTO `class` VALUES (4665117, '【系】课后榜单自我巩固榜单测试', 4665097, 3, '2020-11-28 04:18:58', '2020-11-28 04:18:58', '2021-03-13 04:18:58', 0, 54445, 54401, '18819999075,18819999076,18819999074', 1, 1);
INSERT INTO `class` VALUES (4665118, '【系】课后榜单自我巩固榜单测试', 4665098, 3, '2020-11-28 04:18:58', '2020-11-28 04:18:58', '2021-03-13 04:18:58', 0, 54445, 54401, '18819999075,18819999076,18819999074', 1, 1);
INSERT INTO `class` VALUES (4665119, '【系】课后榜单自我巩固榜单测试', 4665097, 3, '2020-11-28 04:22:12', '2020-11-28 04:22:12', '2021-03-13 04:22:12', 0, 54445, 54401, '18819999075,18819999076,18819999074', 1, 1);
INSERT INTO `class` VALUES (4665120, '【系】课后榜单自我巩固榜单测试', 4665098, 3, '2020-11-28 04:22:12', '2020-11-28 04:22:12', '2021-03-13 04:22:12', 0, 54445, 54401, '18819999075,18819999076,18819999074', 1, 1);
INSERT INTO `class` VALUES (4665121, '【系】双师AI好课1.7版本测试1130', 6661208, 30, '2020-11-30 11:19:57', '2020-11-30 11:19:57', '2021-03-15 11:19:57', 0, 241213, 241269, '18819999088,18819999087,18819999086,18819999085,18819999084,18819999083,18819999082,18819999111,18819999110,18819999109,18819999108,18819999107,18819999106,18819999105,18819999096,18819999095,18819999094,18819999093,18819999092,18819999091,18819999090,18819999089,18819999104,18819999103,18819999102,18819999101,18819999100,18819999099,18819999098,18819999097', 1, 0);
INSERT INTO `class` VALUES (4665122, '【系】1.7版本测试1130', 6661276, 3, '2020-11-30 14:34:00', '2020-11-30 14:34:00', '2021-03-15 14:34:00', 0, 241215, 241296, '18819999091,18819999090,18819999089', 1, 0);
INSERT INTO `class` VALUES (4665123, '【系】双双测试1201', 6661697, 6, '2020-12-01 07:17:24', '2020-12-01 07:17:24', '2021-03-16 07:17:24', 0, 241213, 241274, '18819999031,18819999030,18819999029,18819999028,18819999027,18819999026', 1, 0);
INSERT INTO `class` VALUES (4665124, '【系】腾讯SDK测试1201', 1000007562, 6, '2020-12-01 08:10:23', '2020-12-01 08:10:23', '2021-03-16 08:10:23', 0, 54444, 54401, '18819999052,18819999057,18819999055,18819999056,18819999053,18819999054', 1, 1);
INSERT INTO `class` VALUES (4665125, '【系】腾讯SDK测试1201', 1000007564, 30, '2020-12-01 08:10:50', '2020-12-01 08:10:50', '2021-03-16 08:10:50', 0, 54444, 54403, '18819999065,18819999066,18819999063,18819999064,18819999061,18819999062,18819999059,18819999060,18819999057,18819999058,18819999055,18819999056,18819999053,18819999054,18819999051,18819999052,18819999049,18819999050,18819999047,18819999048,18819999045,18819999046,18819999043,18819999044,18819999041,18819999042,18819999039,18819999040,18819999037,18819999038', 1, 1);
INSERT INTO `class` VALUES (4665126, '【系】腾讯SDK测试1201', 6661942, 30, '2020-12-01 09:19:04', '2020-12-01 09:19:04', '2021-03-16 09:19:04', 0, 241214, 241270, '18819999080,18819999079,18819999078,18819999077,18819999076,18819999075,18819999074,18819999073,18819999082,18819999081,18819999064,18819999063,18819999062,18819999061,18819999060,18819999059,18819999058,18819999057,18819999072,18819999071,18819999070,18819999069,18819999068,18819999067,18819999066,18819999065,18819999056,18819999055,18819999054,18819999053', 1, 0);
INSERT INTO `class` VALUES (4665127, '【系】课堂落实测试1202', 1000007576, 6, '2020-12-02 03:06:03', '2020-12-02 03:06:03', '2021-03-17 03:06:03', 0, 54459, 54434, '18819999077,18819999075,18819999076,18819999073,18819999074,18819999072', 1, 1);
INSERT INTO `class` VALUES (4665128, '【系】支持快问快答和进门考1202', 1000007582, 6, '2020-12-02 07:24:53', '2020-12-02 07:24:53', '2021-03-17 07:24:53', 0, 54454, 54431, '18819999045,18819999046,18819999043,18819999044,18819999041,18819999042', 1, 1);
INSERT INTO `class` VALUES (4665129, '【系】直播课测试1202（高川）', 1000007587, 6, '2020-12-02 08:38:17', '2020-12-02 08:38:17', '2021-03-17 08:38:17', 0, 54457, 54430, '18819999020,18819999025,18819999023,18819999024,18819999021,18819999022', 1, 1);
INSERT INTO `class` VALUES (4665130, '【系】ai好课测试翠翠1202', 6662994, 30, '2020-12-02 08:39:59', '2020-12-02 08:39:59', '2021-03-17 08:39:59', 0, 241215, 241273, '18819999059,18819999058,18819999057,18819999048,18819999047,18819999046,18819999045,18819999044,18819999043,18819999042,18819999041,18819999056,18819999055,18819999054,18819999053,18819999052,18819999051,18819999050,18819999049,18819999032,18819999031,18819999030,18819999040,18819999039,18819999038,18819999037,18819999036,18819999035,18819999034,18819999033', 1, 0);
INSERT INTO `class` VALUES (4665131, '【系】双师直播0.4测试1203', 1000007596, 6, '2020-12-03 04:00:41', '2020-12-03 04:00:41', '2021-03-18 04:00:41', 0, 54451, 54413, '18819999019,18819999020,18819999023,18819999024,18819999021,18819999022', 1, 1);
INSERT INTO `class` VALUES (4665132, '【系】双师直播0.4测试1207', 1000007622, 6, '2020-12-07 08:33:37', '2020-12-07 08:33:37', '2021-03-22 08:33:37', 0, 54444, 54401, '18819999097,18819999095,18819999096,18819999093,18819999094,18819999092', 1, 1);
INSERT INTO `class` VALUES (4665133, '【系】AI好课互动测试', 1000007628, 30, '2020-12-07 09:00:15', '2020-12-07 09:00:15', '2021-03-22 09:00:15', 0, 54445, 53205, '18819999071,18819999069,18819999070,18819999067,18819999068,18819999065,18819999066,18819999063,18819999064,18819999061,18819999062,18819999059,18819999060,18819999057,18819999058,18819999055,18819999056,18819999053,18819999054,18819999051,18819999052,18819999049,18819999050,18819999047,18819999048,18819999045,18819999046,18819999043,18819999044,18819999042', 1, 1);
INSERT INTO `class` VALUES (4665134, '【系】AI好课互动测试2', 1000007630, 30, '2020-12-07 09:05:49', '2020-12-07 09:05:49', '2021-03-22 09:05:49', 0, 54444, 53205, '18819999093,18819999091,18819999092,18819999089,18819999090,18819999087,18819999088,18819999085,18819999086,18819999083,18819999084,18819999081,18819999082,18819999079,18819999080,18819999077,18819999078,18819999075,18819999076,18819999073,18819999074,18819999071,18819999072,18819999069,18819999070,18819999067,18819999068,18819999065,18819999066,18819999064', 1, 1);
INSERT INTO `class` VALUES (4665135, '【系】双师直播课程测试1207', 1000007638, 6, '2020-12-07 10:49:33', '2020-12-07 10:49:33', '2021-03-22 10:49:33', 0, 54444, 54401, '18819999051,18819999049,18819999050,18819999047,18819999048,18819999046', 1, 1);
INSERT INTO `class` VALUES (4665136, '【系】直播0.3测试1208', 1000007688, 6, '2020-12-08 08:29:34', '2020-12-08 08:29:34', '2021-03-23 08:29:34', 0, 54444, 54401, '18819999068,18819999073,18819999071,18819999072,18819999069,18819999070', 1, 1);
INSERT INTO `class` VALUES (4665137, '【系】直播0.3测试1208', 1000007690, 6, '2020-12-08 08:30:00', '2020-12-08 08:30:00', '2021-03-23 08:30:00', 0, 54445, 54402, '18819999051,18819999052,18819999055,18819999056,18819999053,18819999054', 1, 1);
INSERT INTO `class` VALUES (4665138, '【系】双师首课测试1209', 1000007693, 6, '2020-12-08 08:46:40', '2020-12-08 08:46:40', '2021-03-23 08:46:40', 0, 54444, 54401, '18819999059,18819999057,18819999058,18819999055,18819999056,18819999054', 1, 1);
INSERT INTO `class` VALUES (4665139, '【系】潮宗直播测试1209', 1000007698, 6, '2020-12-09 03:19:50', '2020-12-09 03:19:50', '2021-03-24 03:19:50', 0, 54453, 54420, '18819999029,18819999027,18819999028,18819999025,18819999026,18819999024', 1, 1);
INSERT INTO `class` VALUES (4665140, '【系】1210 上线测试', 1000007725, 6, '2020-12-09 08:16:09', '2020-12-09 08:16:09', '2021-03-24 08:16:09', 0, 54445, 54402, '18819999049,18819999050,18819999047,18819999048,18819999045,18819999046', 1, 1);
INSERT INTO `class` VALUES (4665141, '【系】1210 上线测试', 1000007725, 6, '2020-12-09 08:16:10', '2020-12-09 08:16:10', '2021-03-24 08:16:10', 0, 54445, 54403, '18819999067,18819999065,18819999066,18819999063,18819999064,18819999062', 1, 1);
INSERT INTO `class` VALUES (4665142, '【系】AI好课测试（白）1209', 6674371, 30, '2020-12-09 11:00:21', '2020-12-09 11:00:21', '2021-03-24 11:00:21', 0, 241218, 241312, '18819999063,18819999062,18819999061,18819999060,18819999059,18819999058,18819999057,18819999048,18819999047,18819999046,18819999045,18819999044,18819999043,18819999042,18819999041,18819999056,18819999055,18819999054,18819999053,18819999052,18819999051,18819999050,18819999049,18819999040,18819999039,18819999038,18819999037,18819999036,18819999035,18819999034', 1, 0);
INSERT INTO `class` VALUES (4665143, '【系】翠翠1号1209', 1000007730, 6, '2020-12-09 11:12:44', '2020-12-09 11:12:44', '2021-03-24 11:12:44', 0, 54444, 54401, '18819999091,18819999092,18819999089,18819999090,18819999087,18819999088', 1, 1);
INSERT INTO `class` VALUES (4665144, '【系】翠翠2号1209', 1000007732, 6, '2020-12-09 11:13:20', '2020-12-09 11:13:20', '2021-03-24 11:13:20', 0, 54444, 54401, '18819999068,18819999073,18819999071,18819999072,18819999069,18819999070', 1, 1);
INSERT INTO `class` VALUES (4665145, '【系】翠翠3测试1209', 1000007747, 6, '2020-12-09 12:15:08', '2020-12-09 12:15:08', '2021-03-24 12:15:08', 0, 54444, 54401, '18819999099,18819999097,18819999098,18819999095,18819999096,18819999094', 1, 1);
INSERT INTO `class` VALUES (4665146, '【系】翠翠4测试1209', 1000007749, 6, '2020-12-09 12:15:40', '2020-12-09 12:15:40', '2021-03-24 12:15:40', 0, 54444, 54401, '18819999073,18819999074,18819999071,18819999072,18819999069,18819999070', 1, 1);
INSERT INTO `class` VALUES (4665147, '【系】翠翠4测试1209', 1000007751, 6, '2020-12-09 12:15:50', '2020-12-09 12:15:50', '2021-03-24 12:15:50', 0, 54444, 54401, '18819999067,18819999068,18819999065,18819999066,18819999064,18819999069', 1, 1);
INSERT INTO `class` VALUES (4665148, '【系】翠翠5测试1209', 1000007753, 6, '2020-12-09 12:16:17', '2020-12-09 12:16:17', '2021-03-24 12:16:17', 0, 54444, 54401, '18819999035,18819999036,18819999033,18819999034,18819999031,18819999032', 1, 1);
INSERT INTO `class` VALUES (4665149, '【系】翠翠6测试1209', 1000007755, 6, '2020-12-09 12:16:46', '2020-12-09 12:16:46', '2021-03-24 12:16:46', 0, 54444, 54401, '18819999067,18819999068,18819999065,18819999066,18819999064,18819999069', 1, 1);
INSERT INTO `class` VALUES (4665150, '【系】蜂巢监控直播测试', 1000007762, 6, '2020-12-10 03:58:19', '2020-12-10 03:58:19', '2021-03-25 03:58:19', 0, 54455, 54427, '18819999065,18819999063,18819999064,18819999061,18819999062,18819999060', 1, 1);
INSERT INTO `class` VALUES (4665151, '【系】CTS直播测试', 1000007769, 6, '2020-12-10 07:31:23', '2020-12-10 07:31:23', '2021-03-25 07:31:23', 0, 54445, 54402, '18819999043,18819999041,18819999042,18819999039,18819999040,18819999038', 1, 1);
INSERT INTO `class` VALUES (4665152, '【系】英语语音测试', 1000007789, 6, '2020-12-10 12:41:01', '2020-12-10 12:41:01', '2021-03-25 12:41:01', 0, 54468, 54402, '18819999059,18819999060,18819999057,18819999058,18819999055,18819999056', 1, 1);
INSERT INTO `class` VALUES (4665153, '【系】翠翠1测试', 6676368, 6, '2020-12-10 13:42:36', '2020-12-10 13:42:36', '2021-03-25 13:42:36', 0, 241213, 241269, '18819999016,18819999015,18819999014,18819999019,18819999018,18819999017', 1, 0);
INSERT INTO `class` VALUES (4665154, '【系】翠翠2测试', 6676370, 6, '2020-12-10 13:43:16', '2020-12-10 13:43:16', '2021-03-25 13:43:16', 0, 241213, 241269, '18819999023,18819999022,18819999021,18819999020,18819999019,18819999018', 1, 0);
INSERT INTO `class` VALUES (4665155, '【系】直播0.311测试1210', 6676372, 6, '2020-12-10 13:44:17', '2020-12-10 13:44:17', '2021-03-25 13:44:17', 0, 241235, 241270, '18819999074,18819999073,18819999072,18819999071,18819999070,18819999069', 1, 0);
INSERT INTO `class` VALUES (4665156, '【系】直播0.311测试1210', 6676374, 6, '2020-12-10 13:44:56', '2020-12-10 13:44:56', '2021-03-25 13:44:56', 0, 241235, 241270, '18819999075,18819999074,18819999073,18819999072,18819999071,18819999070', 1, 0);
INSERT INTO `class` VALUES (4665157, '【系】翠翠3测试1210', 6676401, 3, '2020-12-10 14:55:11', '2020-12-10 14:55:11', '2021-03-25 14:55:11', 0, 241213, 241269, '18819999045,18819999044,18819999043', 1, 0);
INSERT INTO `class` VALUES (4665158, '【系】仰望1测试1210', 6676405, 6, '2020-12-10 15:08:46', '2020-12-10 15:08:46', '2021-03-25 15:08:46', 0, 241215, 241271, '18819999027,18819999026,18819999025,18819999024,18819999023,18819999022', 1, 0);
INSERT INTO `class` VALUES (4665159, '【系】翠翠4测试1211', 6676407, 6, '2020-12-10 15:10:00', '2020-12-10 15:10:00', '2021-03-25 15:10:00', 0, 241213, 241269, '18819999059,18819999058,18819999057,18819999056,18819999055,18819999054', 1, 0);
INSERT INTO `class` VALUES (4665160, '【系】翠翠4测试1211', 6676411, 6, '2020-12-10 15:13:16', '2020-12-10 15:13:16', '2021-03-25 15:13:16', 0, 241213, 241269, '18819999059,18819999058,18819999057,18819999056,18819999055,18819999054', 1, 0);
INSERT INTO `class` VALUES (4665161, '【系】翠翠4测试1211', 6676414, 6, '2020-12-10 15:23:23', '2020-12-10 15:23:23', '2021-03-25 15:23:23', 0, 241213, 241269, '18819999058,18819999057,18819999056,18819999055,18819999054,18819999053', 1, 0);
INSERT INTO `class` VALUES (4665162, '【系】仰望1测试12111', 6676419, 6, '2020-12-10 15:31:26', '2020-12-10 15:31:26', '2021-03-25 15:31:26', 0, 241214, 241270, '18819999104,18819999103,18819999102,18819999101,18819999100,18819999099', 1, 0);
INSERT INTO `class` VALUES (4665163, '【系】0.3线上问题测试18:00开始', 6678634, 6, '2020-12-11 14:28:52', '2020-12-11 14:28:52', '2021-03-26 14:28:52', 0, 241213, 241269, '18819999028,18819999027,18819999026,18819999025,18819999024,18819999023', 1, 0);
INSERT INTO `class` VALUES (4665164, '【系】0.3线上问题测试19:00开始', 6678639, 6, '2020-12-11 14:31:41', '2020-12-11 14:31:41', '2021-03-26 14:31:41', 0, 241213, 241269, '18819999011,18819999010,18819999009,18819999008,18819999007,18819999006', 1, 0);
INSERT INTO `class` VALUES (4665165, '【系】0.3线上问题测试17:00开始', 6678641, 6, '2020-12-11 14:32:17', '2020-12-11 14:32:17', '2021-03-26 14:32:17', 0, 241213, 241269, '18819999048,18819999047,18819999052,18819999051,18819999050,18819999049', 1, 0);
INSERT INTO `class` VALUES (4665166, '【系】监控系统测试1214', 1000007915, 6, '2020-12-14 02:56:43', '2020-12-14 02:56:43', '2021-03-29 02:56:43', 0, 54452, 54431, '18819999045,18819999043,18819999044,18819999041,18819999042,18819999040', 1, 1);
INSERT INTO `class` VALUES (4665167, '【系】监控系统测试1214', 1000007917, 6, '2020-12-14 03:15:21', '2020-12-14 03:15:21', '2021-03-29 03:15:21', 0, 54474, 54434, '18819999099,18819999100,18819999098,18819999103,18819999101,18819999102', 1, 1);
INSERT INTO `class` VALUES (4665168, '【系】直播1号1214', 1000007989, 4, '2020-12-14 10:25:27', '2020-12-14 10:25:27', '2021-03-29 10:25:27', 0, 54487, 54424, '18819999019,18819999020,18819999017,18819999018', 1, 1);
INSERT INTO `class` VALUES (4665169, '【系】监控系统1930上课', 1000008033, 6, '2020-12-15 11:16:27', '2020-12-15 11:16:27', '2021-03-30 11:16:27', 0, 54474, 54434, '18819999027,18819999025,18819999026,18819999023,18819999024,18819999022', 1, 1);
INSERT INTO `class` VALUES (4665170, '【系】监控系统2200上课', 1000008035, 6, '2020-12-15 11:16:58', '2020-12-15 11:16:58', '2021-03-30 11:16:58', 0, 54474, 54434, '18819999065,18819999066,18819999063,18819999064,18819999061,18819999062', 1, 1);
INSERT INTO `class` VALUES (4665171, '【系】双师购买测试', 1000008055, 6, '2020-12-16 05:16:57', '2020-12-16 05:16:57', '2021-03-31 05:16:57', 0, 54445, 54402, '18819999059,18819999063,18819999064,18819999061,18819999062,18819999060', 1, 1);
INSERT INTO `class` VALUES (4665172, '【系】双师购买测试', 1000008058, 6, '2020-12-16 05:23:41', '2020-12-16 05:23:41', '2021-03-31 05:23:41', 0, 54445, 54402, '18819999043,18819999041,18819999042,18819999039,18819999040,18819999038', 1, 1);
INSERT INTO `class` VALUES (4665173, '【系】双师购买测试', 1000008060, 6, '2020-12-16 05:33:28', '2020-12-16 05:33:28', '2021-03-31 05:33:28', 0, 54445, 54402, '18819999063,18819999064,18819999061,18819999062,18819999059,18819999060', 1, 1);
INSERT INTO `class` VALUES (4665174, '【系】双师购买测试', 1000008062, 2, '2020-12-16 05:38:19', '2020-12-16 05:38:19', '2021-03-31 05:38:19', 0, 54445, 54402, '18819999023,18819999024', 1, 1);
INSERT INTO `class` VALUES (4665175, '【系】双师购买测试', 1000008064, 2, '2020-12-16 05:41:57', '2020-12-16 05:41:57', '2021-03-31 05:41:57', 0, 54445, 54402, '18819999015,18819999014', 1, 1);
INSERT INTO `class` VALUES (4665176, '【系】翠翠测试1216首课', 1000008072, 6, '2020-12-16 06:02:43', '2020-12-16 06:02:43', '2021-03-31 06:02:43', 0, 54444, 54401, '18819999061,18819999059,18819999060,18819999057,18819999058,18819999056', 1, 1);
INSERT INTO `class` VALUES (4665177, '【系】多教室测试1216', 1000008079, 6, '2020-12-16 06:30:58', '2020-12-16 06:30:58', '2021-03-31 06:30:58', 0, 54445, 54402, '18819999081,18819999079,18819999080,18819999077,18819999078,18819999076', 1, 1);
INSERT INTO `class` VALUES (4665178, '【系】7个助教连麦', 1000008087, 6, '2020-12-16 06:32:23', '2020-12-16 06:32:23', '2021-03-31 06:32:23', 0, 54445, 54402, '18819999035,18819999036,18819999039,18819999040,18819999037,18819999038', 1, 1);
INSERT INTO `class` VALUES (4665179, '【系】7个助教连麦', 1000008087, 6, '2020-12-16 06:32:24', '2020-12-16 06:32:24', '2021-03-31 06:32:24', 0, 54445, 54403, '18819999035,18819999033,18819999034,18819999031,18819999032,18819999030', 1, 1);
INSERT INTO `class` VALUES (4665180, '【系】7个助教连麦', 1000008087, 6, '2020-12-16 06:32:25', '2020-12-16 06:32:25', '2021-03-31 06:32:25', 0, 54445, 54404, '18819999035,18819999033,18819999034,18819999031,18819999032,18819999030', 1, 1);
INSERT INTO `class` VALUES (4665181, '【系】多助教测试1216', 1000008095, 6, '2020-12-16 06:44:28', '2020-12-16 06:44:28', '2021-03-31 06:44:28', 0, 54445, 54402, '18819999049,18819999050,18819999047,18819999048,18819999045,18819999046', 1, 1);
INSERT INTO `class` VALUES (4665182, '【系】多助教测试1216', 1000008095, 6, '2020-12-16 06:44:29', '2020-12-16 06:44:29', '2021-03-31 06:44:29', 0, 54445, 54402, '18819999089,18819999090,18819999087,18819999088,18819999085,18819999086', 1, 1);
INSERT INTO `class` VALUES (4665183, '【系】多助教测试1216', 1000008095, 6, '2020-12-16 06:44:30', '2020-12-16 06:44:30', '2021-03-31 06:44:30', 0, 54445, 54402, '18819999099,18819999100,18819999097,18819999098,18819999096,18819999101', 1, 1);
INSERT INTO `class` VALUES (4665184, '【系】多助教测试1216', 1000008095, 6, '2020-12-16 06:44:31', '2020-12-16 06:44:31', '2021-03-31 06:44:31', 0, 54445, 54402, '18819999019,18819999020,18819999017,18819999018,18819999021,18819999022', 1, 1);
INSERT INTO `class` VALUES (4665185, '【系】多助教测试1216', 1000008095, 6, '2020-12-16 06:44:33', '2020-12-16 06:44:33', '2021-03-31 06:44:33', 0, 54445, 54402, '18819999051,18819999049,18819999050,18819999047,18819999048,18819999046', 1, 1);
INSERT INTO `class` VALUES (4665186, '【系】多助教测试1216', 1000008095, 6, '2020-12-16 06:44:34', '2020-12-16 06:44:34', '2021-03-31 06:44:34', 0, 54445, 54402, '18819999093,18819999091,18819999092,18819999089,18819999090,18819999088', 1, 1);
INSERT INTO `class` VALUES (4665187, '【系】多助教测试1216', 1000008095, 6, '2020-12-16 06:44:35', '2020-12-16 06:44:35', '2021-03-31 06:44:35', 0, 54445, 54402, '18819999051,18819999049,18819999050,18819999047,18819999048,18819999046', 1, 1);
INSERT INTO `class` VALUES (4665188, '【系】直播0.4联调7个机构', 1000008128, 6, '2020-12-16 08:49:38', '2020-12-16 08:49:38', '2021-03-31 08:49:38', 0, 54445, 54402, '18819999019,18819999020,18819999023,18819999024,18819999021,18819999022', 1, 1);
INSERT INTO `class` VALUES (4665189, '【系】直播0.4联调7个机构', 1000008128, 6, '2020-12-16 08:49:39', '2020-12-16 08:49:39', '2021-03-31 08:49:39', 0, 54445, 54403, '18819999084,18819999089,18819999087,18819999088,18819999085,18819999086', 1, 1);
INSERT INTO `class` VALUES (4665190, '【系】直播0.4联调7个机构', 1000008128, 6, '2020-12-16 08:49:40', '2020-12-16 08:49:40', '2021-03-31 08:49:40', 0, 54445, 54404, '18819999091,18819999089,18819999090,18819999087,18819999088,18819999086', 1, 1);
INSERT INTO `class` VALUES (4665191, '【系】直播0.4联调7个机构', 1000008128, 6, '2020-12-16 08:49:41', '2020-12-16 08:49:41', '2021-03-31 08:49:41', 0, 54445, 54405, '18819999083,18819999084,18819999081,18819999082,18819999085,18819999086', 1, 1);
INSERT INTO `class` VALUES (4665192, '【系】直播0.4联调7个机构', 1000008128, 6, '2020-12-16 08:49:43', '2020-12-16 08:49:43', '2021-03-31 08:49:43', 0, 54445, 54406, '18819999099,18819999097,18819999098,18819999095,18819999096,18819999094', 1, 1);
INSERT INTO `class` VALUES (4665193, '【系】直播0.4联调7个机构', 1000008128, 6, '2020-12-16 08:49:44', '2020-12-16 08:49:44', '2021-03-31 08:49:44', 0, 54445, 54407, '18819999065,18819999063,18819999064,18819999061,18819999062,18819999060', 1, 1);
INSERT INTO `class` VALUES (4665194, '【系】直播0.4联调7个机构', 1000008128, 6, '2020-12-16 08:49:45', '2020-12-16 08:49:45', '2021-03-31 08:49:45', 0, 54445, 54408, '18819999063,18819999064,18819999061,18819999062,18819999059,18819999060', 1, 1);
INSERT INTO `class` VALUES (4665195, '【系】AI好课2.0测试1217', 1000008170, 30, '2020-12-17 05:39:35', '2020-12-17 05:39:35', '2021-04-01 05:39:35', 0, 54445, 54402, '18819999035,18819999036,18819999033,18819999034,18819999031,18819999032,18819999029,18819999030,18819999027,18819999028,18819999026,18819999055,18819999053,18819999054,18819999051,18819999052,18819999049,18819999050,18819999047,18819999048,18819999045,18819999046,18819999043,18819999044,18819999041,18819999042,18819999039,18819999040,18819999037,18819999038', 1, 1);
INSERT INTO `class` VALUES (4665196, '【系】AI好课测试1217', 1000008174, 6, '2020-12-17 05:55:28', '2020-12-17 05:55:28', '2021-04-01 05:55:28', 0, 54445, 54402, '18819999068,18819999073,18819999071,18819999072,18819999069,18819999070', 1, 1);
INSERT INTO `class` VALUES (4665197, '【系】直播0.3全量测试1656', 6690055, 6, '2020-12-17 08:58:09', '2020-12-17 08:58:09', '2021-04-01 08:58:09', 0, 241213, 241269, '18819999016,18819999015,18819999014,18819999013,18819999018,18819999017', 1, 0);
INSERT INTO `class` VALUES (4665198, '【系】直播0.3全量测试1656', 6690055, 6, '2020-12-17 08:58:12', '2020-12-17 08:58:12', '2021-04-01 08:58:12', 0, 241213, 241270, '18819999060,18819999059,18819999058,18819999057,18819999056,18819999055', 1, 0);
INSERT INTO `class` VALUES (4665199, '【系】直播多机构测试1217', 6690140, 6, '2020-12-17 09:22:09', '2020-12-17 09:22:09', '2021-04-01 09:22:09', 0, 241213, 241269, '18819999031,18819999030,18819999029,18819999028,18819999027,18819999026', 1, 0);
INSERT INTO `class` VALUES (4665200, '【系】直播多机构测试1217', 6690140, 6, '2020-12-17 09:22:11', '2020-12-17 09:22:11', '2021-04-01 09:22:11', 0, 241213, 241270, '18819999056,18819999055,18819999054,18819999053,18819999052,18819999051', 1, 0);
INSERT INTO `class` VALUES (4665201, '【系】直播多机构测试1217', 6690140, 6, '2020-12-17 09:22:13', '2020-12-17 09:22:13', '2021-04-01 09:22:13', 0, 241213, 241271, '18819999043,18819999042,18819999041,18819999040,18819999039,18819999038', 1, 0);
INSERT INTO `class` VALUES (4665202, '【系】直播多机构测试1217', 6690140, 6, '2020-12-17 09:22:15', '2020-12-17 09:22:15', '2021-04-01 09:22:15', 0, 241213, 241272, '18819999063,18819999062,18819999061,18819999060,18819999059,18819999058', 1, 0);
INSERT INTO `class` VALUES (4665203, '【系】直播多机构测试1217', 6690140, 6, '2020-12-17 09:22:18', '2020-12-17 09:22:18', '2021-04-01 09:22:18', 0, 241213, 241273, '18819999063,18819999062,18819999061,18819999060,18819999059,18819999058', 1, 0);
INSERT INTO `class` VALUES (4665204, '【系】直播多机构测试1217', 6690140, 6, '2020-12-17 09:22:20', '2020-12-17 09:22:20', '2021-04-01 09:22:20', 0, 241213, 241274, '18819999045,18819999044,18819999043,18819999042,18819999041,18819999040', 1, 0);
INSERT INTO `class` VALUES (4665205, '【系】直播多机构测试1217', 6690140, 6, '2020-12-17 09:22:29', '2020-12-17 09:22:29', '2021-04-01 09:22:29', 0, 241213, 241275, '18819999023,18819999022,18819999021,18819999020,18819999019,18819999018', 1, 0);

-- ----------------------------
-- Table structure for class_student_teacher
-- ----------------------------
DROP TABLE IF EXISTS `class_student_teacher`;
CREATE TABLE `class_student_teacher`  (
  `id` int(0) NOT NULL AUTO_INCREMENT COMMENT '班级所对应的学生list和teacher id',
  `classid` varchar(50) CHARACTER SET utf8 COLLATE utf8_general_ci NOT NULL DEFAULT '' COMMENT '班级id',
  `assistantteacherid` int(0) NOT NULL DEFAULT -1 COMMENT '助教老师id',
  `lecturerteacherid` int(0) NOT NULL DEFAULT -1 COMMENT '主讲老师id',
  `stedentlist` int(0) NOT NULL DEFAULT -1 COMMENT '改班级所对应的学生list',
  `environmenttag` int(0) NULL DEFAULT NULL COMMENT '0表示线上，1表示线下',
  PRIMARY KEY (`id`) USING BTREE
) ENGINE = InnoDB CHARACTER SET = utf8 COLLATE = utf8_bin ROW_FORMAT = Dynamic;

-- ----------------------------
-- Records of class_student_teacher
-- ----------------------------
INSERT INTO `class_student_teacher` VALUES (11, '11', 111, 111, 111, NULL);

-- ----------------------------
-- Table structure for lecturer
-- ----------------------------
DROP TABLE IF EXISTS `lecturer`;
CREATE TABLE `lecturer`  (
  `id` int(0) NOT NULL AUTO_INCREMENT COMMENT 'id',
  `nickname` varchar(50) CHARACTER SET utf8 COLLATE utf8_general_ci NOT NULL DEFAULT '' COMMENT '宣传姓名',
  `userid` int(0) NOT NULL COMMENT '用户ID',
  `subjectName` varchar(255) CHARACTER SET utf8 COLLATE utf8_general_ci NULL DEFAULT NULL,
  `passport` varchar(255) CHARACTER SET utf8 COLLATE utf8_general_ci NULL DEFAULT NULL COMMENT '密码',
  `ltelephone` varchar(255) CHARACTER SET utf8 COLLATE utf8_general_ci NULL DEFAULT NULL COMMENT '教师电话号码',
  `institutionId` int(0) NULL DEFAULT NULL COMMENT '机构id',
  `environmenttag` varchar(255) CHARACTER SET utf8 COLLATE utf8_general_ci NULL DEFAULT NULL COMMENT '0表示线上，1表示线下',
  PRIMARY KEY (`id`) USING BTREE,
  INDEX `index_user_id`(`userid`) USING BTREE
) ENGINE = InnoDB CHARACTER SET = utf8 COLLATE = utf8_general_ci COMMENT = '教师表' ROW_FORMAT = Dynamic;

-- ----------------------------
-- Records of lecturer
-- ----------------------------
INSERT INTO `lecturer` VALUES (54444, '何以琛', 2710544, '数学', 'ss123456', '18816666661', 2867, '1');
INSERT INTO `lecturer` VALUES (54445, '言希', 2710545, '数学', 'ss123456', '18816666662', 2867, '1');
INSERT INTO `lecturer` VALUES (54446, '容垣', 2710546, '数学', 'ss123456', '18816666663', 2867, '1');
INSERT INTO `lecturer` VALUES (54447, '王沥川', 2710547, '数学', 'ss123456', '18816666664', 2867, '1');
INSERT INTO `lecturer` VALUES (54448, '陆霆骁', 2710548, '数学', 'ss123456', '18816666665', 2867, '1');
INSERT INTO `lecturer` VALUES (54449, '司夜寒', 2710549, '数学', 'ss123456', '18816666666', 2867, '1');
INSERT INTO `lecturer` VALUES (54450, '林嘉歌', 2710550, '数学', 'ss123456', '18816666667', 2867, '1');
INSERT INTO `lecturer` VALUES (54451, '傅怀安', 2710551, '数学', 'ss123456', '18816666668', 2867, '1');
INSERT INTO `lecturer` VALUES (54452, '墨景深', 2710552, '数学', 'ss123456', '18816666669', 2867, '1');
INSERT INTO `lecturer` VALUES (54453, '李洛书', 2710553, '数学', 'ss123456', '18816666670', 2867, '1');
INSERT INTO `lecturer` VALUES (54454, '顾余生', 2710554, '数学', 'ss123456', '18816666671', 2867, '1');
INSERT INTO `lecturer` VALUES (54455, '陈慕白', 2710555, '数学', 'ss123456', '18816666672', 2867, '1');
INSERT INTO `lecturer` VALUES (54456, '许祈', 2710556, '数学', 'ss123456', '18816666673', 2867, '1');
INSERT INTO `lecturer` VALUES (54457, '陈南曜', 2710557, '数学', 'ss123456', '18816666674', 2867, '1');
INSERT INTO `lecturer` VALUES (54458, '傅西深', 2710558, '数学', 'ss123456', '18816666675', 2867, '1');
INSERT INTO `lecturer` VALUES (54459, '韩玉韬', 2710559, '数学', 'ss123456', '18816666676', 2867, '1');
INSERT INTO `lecturer` VALUES (54460, '苏景辰', 2710560, '数学', 'ss123456', '18816666677', 2867, '1');
INSERT INTO `lecturer` VALUES (54461, '周楚暮', 2710561, '数学', 'ss123456', '18816666678', 2867, '1');
INSERT INTO `lecturer` VALUES (54462, '楚天岚', 2710562, '数学', 'ss123456', '18816666679', 2867, '1');
INSERT INTO `lecturer` VALUES (54463, '安墨熙', 2710563, '数学', 'ss123456', '18816666680', 2867, '1');
INSERT INTO `lecturer` VALUES (54464, '钟离奕', 2710564, '英语', 'ss123456', '18816666681', 2867, '1');
INSERT INTO `lecturer` VALUES (54465, '廖凯翔', 2710565, '英语', 'ss123456', '18816666682', 2867, '1');
INSERT INTO `lecturer` VALUES (54466, '尹玉枫', 2710566, '英语', 'ss123456', '18816666683', 2867, '1');
INSERT INTO `lecturer` VALUES (54467, '郁雨轩', 2710567, '英语', 'ss123456', '18816666684', 2867, '1');
INSERT INTO `lecturer` VALUES (54468, '白圣朴', 2710568, '英语', 'ss123456', '18816666685', 2867, '1');
INSERT INTO `lecturer` VALUES (54469, '安墨熙', 2710569, '英语', 'ss123456', '18816666686', 2867, '1');
INSERT INTO `lecturer` VALUES (54470, '皇甫硕', 2710570, '英语', 'ss123456', '18816666687', 2867, '1');
INSERT INTO `lecturer` VALUES (54471, '江子陵', 2710571, '英语', 'ss123456', '18816666688', 2867, '1');
INSERT INTO `lecturer` VALUES (54472, '夏至云', 2710572, '英语', 'ss123456', '18816666689', 2867, '1');
INSERT INTO `lecturer` VALUES (54473, '范天钧', 2710573, '英语', 'ss123456', '18816666690', 2867, '1');
INSERT INTO `lecturer` VALUES (54474, '司翊旋', 2710574, '英语', 'ss123456', '18816666691', 2867, '1');
INSERT INTO `lecturer` VALUES (54475, '蓝若宸', 2710575, '英语', 'ss123456', '18816666692', 2867, '1');
INSERT INTO `lecturer` VALUES (54476, '司徒烨', 2710576, '英语', 'ss123456', '18816666693', 2867, '1');
INSERT INTO `lecturer` VALUES (54477, '昊焱', 2710577, '英语', 'ss123456', '18816666694', 2867, '1');
INSERT INTO `lecturer` VALUES (54478, '文博', 2710578, '英语', 'ss123456', '18816666695', 2867, '1');
INSERT INTO `lecturer` VALUES (54479, '施文杰', 2710579, '英语', 'ss123456', '18816666696', 2867, '1');
INSERT INTO `lecturer` VALUES (54480, '杨清', 2710580, '英语', 'ss123456', '18816666697', 2867, '1');
INSERT INTO `lecturer` VALUES (54481, '许铭', 2710581, '英语', 'ss123456', '18816666698', 2867, '1');
INSERT INTO `lecturer` VALUES (54482, '段磊', 2710582, '英语', 'ss123456', '18816666699', 2867, '1');
INSERT INTO `lecturer` VALUES (54483, '锦程', 2710583, '英语', 'ss123456', '18816666700', 2867, '1');
INSERT INTO `lecturer` VALUES (54484, '炫明', 2710584, '语文', 'ss123456', '18816666701', 2867, '1');
INSERT INTO `lecturer` VALUES (54485, '天翊', 2710585, '语文', 'ss123456', '18816666702', 2867, '1');
INSERT INTO `lecturer` VALUES (54486, '聪健', 2710586, '语文', 'ss123456', '18816666703', 2867, '1');
INSERT INTO `lecturer` VALUES (54487, '雪松', 2710587, '化学', 'ss123456', '18816666704', 2867, '1');
INSERT INTO `lecturer` VALUES (54488, '思远', 2710588, '化学', 'ss123456', '18816666705', 2867, '1');
INSERT INTO `lecturer` VALUES (54489, '润成', 2710589, '化学', 'ss123456', '18816666706', 2867, '1');
INSERT INTO `lecturer` VALUES (241213, '何以琛', 5973690, '数学', 'ss123456', '18816666661', 2867, '0');
INSERT INTO `lecturer` VALUES (241214, '言希', 5973699, '数学', 'ss123456', '18816666662', 2867, '0');
INSERT INTO `lecturer` VALUES (241215, '容垣', 5973704, '数学', 'ss123456', '18816666663', 2867, '0');
INSERT INTO `lecturer` VALUES (241216, '王沥川', 5973707, '数学', 'ss123456', '18816666664', 2867, '0');
INSERT INTO `lecturer` VALUES (241217, '陆霆骁', 5973708, '数学', 'ss123456', '18816666665', 2867, '0');
INSERT INTO `lecturer` VALUES (241218, '司夜寒', 5973711, '数学', 'ss123456', '18816666666', 2867, '0');
INSERT INTO `lecturer` VALUES (241219, '林嘉歌', 5973714, '数学', 'ss123456', '18816666667', 2867, '0');
INSERT INTO `lecturer` VALUES (241220, '傅怀安', 5973717, '数学', 'ss123456', '18816666668', 2867, '0');
INSERT INTO `lecturer` VALUES (241221, '墨景深', 5973719, '数学', 'ss123456', '18816666669', 2867, '0');
INSERT INTO `lecturer` VALUES (241222, '李洛书', 5973721, '数学', 'ss123456', '18816666670', 2867, '0');
INSERT INTO `lecturer` VALUES (241223, '顾余生', 5973725, '数学', 'ss123456', '18816666671', 2867, '0');
INSERT INTO `lecturer` VALUES (241224, '陈慕白', 5973732, '数学', 'ss123456', '18816666672', 2867, '0');
INSERT INTO `lecturer` VALUES (241225, '许祈', 5973738, '数学', 'ss123456', '18816666673', 2867, '0');
INSERT INTO `lecturer` VALUES (241226, '陈南曜', 5973741, '数学', 'ss123456', '18816666674', 2867, '0');
INSERT INTO `lecturer` VALUES (241229, '傅西深', 5973760, '数学', 'ss123456', '18816666675', 2867, '0');
INSERT INTO `lecturer` VALUES (241230, '韩玉韬', 5973766, '数学', 'ss123456', '18816666676', 2867, '0');
INSERT INTO `lecturer` VALUES (241231, '苏景辰', 5973771, '数学', 'ss123456', '18816666677', 2867, '0');
INSERT INTO `lecturer` VALUES (241232, '周楚暮', 5973775, '数学', 'ss123456', '18816666678', 2867, '0');
INSERT INTO `lecturer` VALUES (241233, '楚天岚', 5973776, '数学', 'ss123456', '18816666679', 2867, '0');
INSERT INTO `lecturer` VALUES (241234, '安墨熙', 5973780, '数学', 'ss123456', '18816666680', 2867, '0');
INSERT INTO `lecturer` VALUES (241235, '钟离奕', 5973783, '英语', 'ss123456', '18816666681', 2867, '0');
INSERT INTO `lecturer` VALUES (241236, '廖凯翔', 5973786, '英语', 'ss123456', '18816666682', 2867, '0');
INSERT INTO `lecturer` VALUES (241239, '尹玉枫', 5973793, '英语', 'ss123456', '18816666683', 2867, '0');
INSERT INTO `lecturer` VALUES (241243, '郁雨轩', 5973800, '英语', 'ss123456', '18816666684', 2867, '0');
INSERT INTO `lecturer` VALUES (241244, '白圣朴', 5973810, '英语', 'ss123456', '18816666685', 2867, '0');
INSERT INTO `lecturer` VALUES (241247, '安墨熙', 5973813, '英语', 'ss123456', '18816666686', 2867, '0');
INSERT INTO `lecturer` VALUES (241248, '皇甫硕', 5973817, '英语', 'ss123456', '18816666687', 2867, '0');
INSERT INTO `lecturer` VALUES (241249, '江子陵', 5973821, '英语', 'ss123456', '18816666688', 2867, '0');
INSERT INTO `lecturer` VALUES (241250, '夏至云', 5973829, '英语', 'ss123456', '18816666689', 2867, '0');
INSERT INTO `lecturer` VALUES (241251, '范天钧', 5973833, '英语', 'ss123456', '18816666690', 2867, '0');
INSERT INTO `lecturer` VALUES (241252, '司翊旋', 5973837, '数学', 'ss123456', '18816666691', 2867, '0');
INSERT INTO `lecturer` VALUES (241253, '蓝若宸', 5973840, '英语', 'ss123456', '18816666692', 2867, '0');
INSERT INTO `lecturer` VALUES (241254, '司徒烨', 5973844, '英语', 'ss123456', '18816666693', 2867, '0');
INSERT INTO `lecturer` VALUES (241255, '昊焱', 5973855, '英语', 'ss123456', '18816666694', 2867, '0');
INSERT INTO `lecturer` VALUES (241256, '文博', 5973858, '英语', 'ss123456', '18816666695', 2867, '0');
INSERT INTO `lecturer` VALUES (241257, '施文杰', 5973866, '英语', 'ss123456', '18816666696', 2867, '0');
INSERT INTO `lecturer` VALUES (241258, '杨清', 5973870, '数学', 'ss123456', '18816666697', 2867, '0');
INSERT INTO `lecturer` VALUES (241259, '许铭', 5973876, '英语', 'ss123456', '18816666698', 2867, '0');
INSERT INTO `lecturer` VALUES (241260, '段磊', 5973879, '英语', 'ss123456', '18816666699', 2867, '0');
INSERT INTO `lecturer` VALUES (241262, '锦程', 5973882, '英语', 'ss123456', '18816666700', 2867, '0');
INSERT INTO `lecturer` VALUES (241263, '炫明', 5973884, '语文', 'ss123456', '18816666701', 2867, '0');
INSERT INTO `lecturer` VALUES (241264, '天翊', 5973887, '语文', 'ss123456', '18816666702', 2867, '0');
INSERT INTO `lecturer` VALUES (241265, '聪健', 5973895, '语文', 'ss123456', '18816666703', 2867, '0');
INSERT INTO `lecturer` VALUES (241266, '雪松', 5973900, '化学', 'ss123456', '18816666704', 2867, '0');
INSERT INTO `lecturer` VALUES (241267, '思远', 5973904, '化学', 'ss123456', '18816666705', 2867, '0');
INSERT INTO `lecturer` VALUES (241268, '润成', 5973913, '化学', 'ss123456', '18816666706', 2867, '0');

-- ----------------------------
-- Table structure for myuser
-- ----------------------------
DROP TABLE IF EXISTS `myuser`;
CREATE TABLE `myuser`  (
  `userid` int(0) NOT NULL AUTO_INCREMENT COMMENT 'userid',
  `username` varchar(50) CHARACTER SET utf8 COLLATE utf8_general_ci NOT NULL DEFAULT '' COMMENT '用户名称 ',
  `createtime` datetime(0) NOT NULL DEFAULT '1970-01-01 00:00:00' COMMENT '创建时间',
  `usertype` int(0) NOT NULL DEFAULT 1 COMMENT '1-普通用户，2-管理员用户',
  `passport` varchar(255) CHARACTER SET utf8 COLLATE utf8_general_ci NULL DEFAULT NULL COMMENT '用户密码',
  PRIMARY KEY (`userid`) USING BTREE
) ENGINE = InnoDB AUTO_INCREMENT = 53890 CHARACTER SET = utf8 COLLATE = utf8_general_ci COMMENT = '用户表' ROW_FORMAT = Dynamic;

-- ----------------------------
-- Records of myuser
-- ----------------------------
INSERT INTO `myuser` VALUES (1, 'admin', '2020-09-15 00:00:00', 1, 'admin');

-- ----------------------------
-- Table structure for operation_log
-- ----------------------------
DROP TABLE IF EXISTS `operation_log`;
CREATE TABLE `operation_log`  (
  `id` int(0) NOT NULL AUTO_INCREMENT COMMENT 'id',
  `classtype` int(0) NOT NULL DEFAULT -1 COMMENT '建课类型：0为直播课，1为AI好课',
  `createtime` varchar(255) CHARACTER SET utf8 COLLATE utf8_bin NOT NULL DEFAULT '1970-01-01 00:00:00' COMMENT '创建时间',
  `userid` int(0) NULL DEFAULT NULL COMMENT '用户id',
  PRIMARY KEY (`id`) USING BTREE
) ENGINE = InnoDB AUTO_INCREMENT = 4665429 CHARACTER SET = utf8 COLLATE = utf8_bin ROW_FORMAT = Dynamic;

-- ----------------------------
-- Records of operation_log
-- ----------------------------
INSERT INTO `operation_log` VALUES (4664981, 1, '2020-09-15 02:52:34', 1);
INSERT INTO `operation_log` VALUES (4664982, 0, '2020-09-15 02:53:13', 1);
INSERT INTO `operation_log` VALUES (4664983, 0, '2020-09-15 03:13:09', 1);
INSERT INTO `operation_log` VALUES (4664984, 0, '2020-09-15 03:59:42', 1);
INSERT INTO `operation_log` VALUES (4664985, 0, '2020-09-15 04:04:06', 1);
INSERT INTO `operation_log` VALUES (4664986, 0, '2020-09-15 04:45:32', 1);
INSERT INTO `operation_log` VALUES (4664987, 0, '2020-09-15 04:48:56', 1);
INSERT INTO `operation_log` VALUES (4664988, 0, '2020-09-15 05:03:04', 1);
INSERT INTO `operation_log` VALUES (4664989, 1, '2020-09-17 13:37:09', 1);
INSERT INTO `operation_log` VALUES (4664990, 1, '2020-09-17 13:40:19', 1);
INSERT INTO `operation_log` VALUES (4664991, 1, '2020-09-17 13:47:29', 1);
INSERT INTO `operation_log` VALUES (4664992, 0, '2020-09-17 13:51:35', 1);
INSERT INTO `operation_log` VALUES (4664993, 0, '2020-09-17 13:53:21', 1);
INSERT INTO `operation_log` VALUES (4664994, 0, '2020-09-17 13:54:57', 1);
INSERT INTO `operation_log` VALUES (4664995, 0, '2020-09-17 13:58:00', 1);
INSERT INTO `operation_log` VALUES (4664996, 0, '2020-09-17 13:59:46', 1);
INSERT INTO `operation_log` VALUES (4664997, 0, '2020-09-17 14:03:08', 1);
INSERT INTO `operation_log` VALUES (4664998, 0, '2020-09-17 14:28:10', 1);
INSERT INTO `operation_log` VALUES (4664999, 0, '2020-09-17 14:29:52', 1);
INSERT INTO `operation_log` VALUES (4665000, 0, '2020-09-17 14:47:30', 1);
INSERT INTO `operation_log` VALUES (4665001, 0, '2020-09-17 14:51:03', 1);
INSERT INTO `operation_log` VALUES (4665002, 0, '2020-09-17 14:52:14', 1);
INSERT INTO `operation_log` VALUES (4665003, 0, '2020-09-17 14:52:36', 1);
INSERT INTO `operation_log` VALUES (4665004, 0, '2020-09-17 14:54:07', 1);
INSERT INTO `operation_log` VALUES (4665005, 0, '2020-09-17 14:56:23', 1);
INSERT INTO `operation_log` VALUES (4665006, 0, '2020-09-17 14:57:38', 1);
INSERT INTO `operation_log` VALUES (4665007, 0, '2020-09-17 15:15:03', 1);
INSERT INTO `operation_log` VALUES (4665008, 0, '2020-09-17 15:16:22', 1);
INSERT INTO `operation_log` VALUES (4665009, 0, '2020-09-17 15:19:06', 1);
INSERT INTO `operation_log` VALUES (4665010, 0, '2020-09-17 15:22:41', 1);
INSERT INTO `operation_log` VALUES (4665011, 0, '2020-09-17 15:36:40', 1);
INSERT INTO `operation_log` VALUES (4665012, 0, '2020-09-17 15:37:45', 1);
INSERT INTO `operation_log` VALUES (4665013, 0, '2020-09-17 15:38:29', 1);
INSERT INTO `operation_log` VALUES (4665014, 0, '2020-09-17 15:39:17', 1);
INSERT INTO `operation_log` VALUES (4665015, 0, '2020-09-17 15:41:04', 1);
INSERT INTO `operation_log` VALUES (4665016, 1, '2020-09-17 15:44:33', 1);
INSERT INTO `operation_log` VALUES (4665017, 1, '2020-09-17 15:47:41', 1);
INSERT INTO `operation_log` VALUES (4665018, 1, '2020-09-18 02:10:27', 1);
INSERT INTO `operation_log` VALUES (4665019, 1, '2020-09-24 01:52:32', 1);
INSERT INTO `operation_log` VALUES (4665020, 0, '2020-09-24 12:59:51', 1);
INSERT INTO `operation_log` VALUES (4665021, 0, '2020-09-24 13:02:27', 1);
INSERT INTO `operation_log` VALUES (4665022, 0, '2020-09-24 13:04:42', 1);
INSERT INTO `operation_log` VALUES (4665023, 0, '2020-09-24 13:23:49', 1);
INSERT INTO `operation_log` VALUES (4665024, 0, '2020-09-24 13:41:36', 1);
INSERT INTO `operation_log` VALUES (4665025, 0, '2020-09-24 13:41:45', 1);
INSERT INTO `operation_log` VALUES (4665026, 0, '2020-09-24 13:41:52', 1);
INSERT INTO `operation_log` VALUES (4665027, 0, '2020-09-25 01:42:44', 1);
INSERT INTO `operation_log` VALUES (4665028, 0, '2020-09-25 06:30:42', 1);
INSERT INTO `operation_log` VALUES (4665029, 0, '2020-09-25 06:34:36', 1);
INSERT INTO `operation_log` VALUES (4665030, 0, '2020-09-25 06:40:44', 1);
INSERT INTO `operation_log` VALUES (4665031, 0, '2020-09-25 06:46:30', 1);
INSERT INTO `operation_log` VALUES (4665032, 0, '2020-09-25 09:52:00', 1);
INSERT INTO `operation_log` VALUES (4665033, 0, '2020-09-25 10:02:03', 1);
INSERT INTO `operation_log` VALUES (4665034, 0, '2020-09-25 10:02:45', 1);
INSERT INTO `operation_log` VALUES (4665035, 1, '2020-09-25 10:08:35', 1);
INSERT INTO `operation_log` VALUES (4665036, 0, '2020-10-09 02:26:58', 1);
INSERT INTO `operation_log` VALUES (4665037, 0, '2020-10-09 03:00:38', 1);
INSERT INTO `operation_log` VALUES (4665038, 0, '2020-10-09 03:39:06', 1);
INSERT INTO `operation_log` VALUES (4665039, 0, '2020-10-09 03:40:13', 1);
INSERT INTO `operation_log` VALUES (4665040, 0, '2020-10-09 03:40:35', 1);
INSERT INTO `operation_log` VALUES (4665041, 1, '2020-10-10 08:52:32', 1);
INSERT INTO `operation_log` VALUES (4665042, 1, '2020-10-10 08:58:07', 1);
INSERT INTO `operation_log` VALUES (4665043, 0, '2020-10-13 03:00:31', 1);
INSERT INTO `operation_log` VALUES (4665044, 0, '2020-10-13 03:02:59', 1);
INSERT INTO `operation_log` VALUES (4665045, 0, '2020-10-13 03:03:19', 1);
INSERT INTO `operation_log` VALUES (4665046, 0, '2020-10-13 03:22:37', 1);
INSERT INTO `operation_log` VALUES (4665047, 0, '2020-10-13 03:29:30', 1);
INSERT INTO `operation_log` VALUES (4665048, 0, '2020-10-13 03:33:51', 1);
INSERT INTO `operation_log` VALUES (4665049, 0, '2020-10-13 03:34:44', 1);
INSERT INTO `operation_log` VALUES (4665050, 0, '2020-10-13 03:35:06', 1);
INSERT INTO `operation_log` VALUES (4665051, 0, '2020-10-13 03:35:54', 1);
INSERT INTO `operation_log` VALUES (4665052, 0, '2020-10-15 06:09:38', 1);
INSERT INTO `operation_log` VALUES (4665053, 0, '2020-10-15 06:09:46', 1);
INSERT INTO `operation_log` VALUES (4665054, 0, '2020-10-15 06:10:31', 1);
INSERT INTO `operation_log` VALUES (4665055, 0, '2020-10-15 06:10:49', 1);
INSERT INTO `operation_log` VALUES (4665056, 0, '2020-10-15 06:11:10', 1);
INSERT INTO `operation_log` VALUES (4665057, 0, '2020-10-15 06:11:16', 1);
INSERT INTO `operation_log` VALUES (4665058, 0, '2020-10-15 07:12:36', 1);
INSERT INTO `operation_log` VALUES (4665059, 0, '2020-10-15 07:12:48', 1);
INSERT INTO `operation_log` VALUES (4665060, 0, '2020-10-15 07:12:52', 1);
INSERT INTO `operation_log` VALUES (4665061, 1, '2020-10-23 05:06:17', 1);
INSERT INTO `operation_log` VALUES (4665062, 1, '2020-10-23 05:06:51', 1);
INSERT INTO `operation_log` VALUES (4665063, 1, '2020-10-23 05:16:39', 1);
INSERT INTO `operation_log` VALUES (4665064, 1, '2020-10-23 05:19:23', 1);
INSERT INTO `operation_log` VALUES (4665065, 1, '2020-10-23 05:23:52', 1);
INSERT INTO `operation_log` VALUES (4665066, 1, '2020-10-23 05:45:56', 1);
INSERT INTO `operation_log` VALUES (4665067, 1, '2020-10-23 05:48:15', 1);
INSERT INTO `operation_log` VALUES (4665068, 1, '2020-10-23 05:49:03', 1);
INSERT INTO `operation_log` VALUES (4665069, 1, '2020-10-23 05:53:59', 1);
INSERT INTO `operation_log` VALUES (4665070, 1, '2020-10-23 05:58:04', 1);
INSERT INTO `operation_log` VALUES (4665071, 1, '2020-10-23 06:00:20', 1);
INSERT INTO `operation_log` VALUES (4665072, 1, '2020-10-23 06:17:51', 1);
INSERT INTO `operation_log` VALUES (4665073, 1, '2020-10-23 06:19:23', 1);
INSERT INTO `operation_log` VALUES (4665074, 1, '2020-10-23 06:21:53', 1);
INSERT INTO `operation_log` VALUES (4665075, 1, '2020-10-23 06:48:20', 1);
INSERT INTO `operation_log` VALUES (4665076, 1, '2020-10-23 06:56:21', 1);
INSERT INTO `operation_log` VALUES (4665077, 1, '2020-10-23 06:58:39', 1);
INSERT INTO `operation_log` VALUES (4665078, 1, '2020-10-23 07:06:03', 1);
INSERT INTO `operation_log` VALUES (4665079, 1, '2020-10-23 11:58:48', 1);
INSERT INTO `operation_log` VALUES (4665080, 0, '2020-10-23 12:50:11', 1);
INSERT INTO `operation_log` VALUES (4665081, 1, '2020-10-23 14:11:52', 1);
INSERT INTO `operation_log` VALUES (4665082, 1, '2020-10-26 02:07:52', 1);
INSERT INTO `operation_log` VALUES (4665083, 1, '2020-10-26 02:08:12', 1);
INSERT INTO `operation_log` VALUES (4665084, 1, '2020-10-26 12:14:19', 1);
INSERT INTO `operation_log` VALUES (4665085, 1, '2020-10-26 12:14:29', 1);
INSERT INTO `operation_log` VALUES (4665086, 1, '2020-10-26 12:14:56', 1);
INSERT INTO `operation_log` VALUES (4665087, 1, '2020-10-26 12:15:54', 1);
INSERT INTO `operation_log` VALUES (4665088, 1, '2020-10-26 12:26:45', 1);
INSERT INTO `operation_log` VALUES (4665089, 1, '2020-10-26 12:26:57', 1);
INSERT INTO `operation_log` VALUES (4665090, 1, '2020-10-26 12:28:32', 1);
INSERT INTO `operation_log` VALUES (4665091, 1, '2020-10-26 12:32:49', 1);
INSERT INTO `operation_log` VALUES (4665092, 1, '2020-10-26 13:10:59', 1);
INSERT INTO `operation_log` VALUES (4665093, 1, '2020-10-26 13:11:21', 1);
INSERT INTO `operation_log` VALUES (4665094, 1, '2020-10-26 13:11:52', 1);
INSERT INTO `operation_log` VALUES (4665095, 1, '2020-10-26 13:12:22', 1);
INSERT INTO `operation_log` VALUES (4665096, 1, '2020-10-26 13:13:50', 1);
INSERT INTO `operation_log` VALUES (4665097, 1, '2020-10-26 13:14:55', 1);
INSERT INTO `operation_log` VALUES (4665098, 1, '2020-10-26 13:21:17', 1);
INSERT INTO `operation_log` VALUES (4665099, 1, '2020-10-26 13:21:30', 1);
INSERT INTO `operation_log` VALUES (4665100, 1, '2020-10-26 13:28:44', 1);
INSERT INTO `operation_log` VALUES (4665101, 1, '2020-10-26 13:29:04', 1);
INSERT INTO `operation_log` VALUES (4665102, 1, '2020-10-26 13:30:29', 1);
INSERT INTO `operation_log` VALUES (4665103, 1, '2020-10-26 13:31:00', 1);
INSERT INTO `operation_log` VALUES (4665104, 1, '2020-10-26 13:34:40', 1);
INSERT INTO `operation_log` VALUES (4665105, 1, '2020-10-26 13:35:19', 1);
INSERT INTO `operation_log` VALUES (4665106, 1, '2020-10-26 13:47:30', 1);
INSERT INTO `operation_log` VALUES (4665107, 1, '2020-10-26 13:48:31', 1);
INSERT INTO `operation_log` VALUES (4665108, 1, '2020-10-27 02:15:50', 1);
INSERT INTO `operation_log` VALUES (4665109, 1, '2020-10-27 02:17:11', 1);
INSERT INTO `operation_log` VALUES (4665110, 1, '2020-10-27 02:19:01', 1);
INSERT INTO `operation_log` VALUES (4665111, 0, '2020-10-27 02:24:38', 1);
INSERT INTO `operation_log` VALUES (4665112, 1, '2020-10-28 08:49:39', 1);
INSERT INTO `operation_log` VALUES (4665113, 1, '2020-10-28 11:53:02', 1);
INSERT INTO `operation_log` VALUES (4665114, 1, '2020-10-28 11:56:19', 1);
INSERT INTO `operation_log` VALUES (4665115, 1, '2020-10-28 11:58:41', 1);
INSERT INTO `operation_log` VALUES (4665116, 1, '2020-10-28 11:59:32', 1);
INSERT INTO `operation_log` VALUES (4665117, 1, '2020-10-28 12:05:07', 1);
INSERT INTO `operation_log` VALUES (4665118, 1, '2020-10-28 12:07:09', 1);
INSERT INTO `operation_log` VALUES (4665119, 1, '2020-10-28 12:14:18', 1);
INSERT INTO `operation_log` VALUES (4665120, 1, '2020-10-29 02:57:45', 1);
INSERT INTO `operation_log` VALUES (4665121, 1, '2020-10-29 03:07:37', 1);
INSERT INTO `operation_log` VALUES (4665122, 1, '2020-10-29 03:13:09', 1);
INSERT INTO `operation_log` VALUES (4665123, 1, '2020-10-29 03:14:02', 1);
INSERT INTO `operation_log` VALUES (4665124, 1, '2020-10-29 10:03:33', 1);
INSERT INTO `operation_log` VALUES (4665125, 1, '2020-10-29 10:04:08', 1);
INSERT INTO `operation_log` VALUES (4665126, 1, '2020-10-30 01:59:10', 1);
INSERT INTO `operation_log` VALUES (4665127, 1, '2020-10-30 01:59:40', 1);
INSERT INTO `operation_log` VALUES (4665128, 1, '2020-10-30 02:18:37', 1);
INSERT INTO `operation_log` VALUES (4665129, 1, '2020-10-30 02:19:32', 1);
INSERT INTO `operation_log` VALUES (4665130, 1, '2020-10-30 02:21:35', 1);
INSERT INTO `operation_log` VALUES (4665131, 1, '2020-10-30 02:27:29', 1);
INSERT INTO `operation_log` VALUES (4665132, 1, '2020-10-30 02:30:45', 1);
INSERT INTO `operation_log` VALUES (4665133, 1, '2020-10-30 02:33:11', 1);
INSERT INTO `operation_log` VALUES (4665134, 1, '2020-10-30 02:38:18', 1);
INSERT INTO `operation_log` VALUES (4665135, 1, '2020-10-30 02:43:59', 1);
INSERT INTO `operation_log` VALUES (4665136, 1, '2020-10-30 02:47:54', 1);
INSERT INTO `operation_log` VALUES (4665137, 1, '2020-10-30 06:01:17', 1);
INSERT INTO `operation_log` VALUES (4665138, 1, '2020-10-30 06:04:11', 1);
INSERT INTO `operation_log` VALUES (4665139, 1, '2020-10-30 06:09:08', 1);
INSERT INTO `operation_log` VALUES (4665140, 1, '2020-10-30 06:09:52', 1);
INSERT INTO `operation_log` VALUES (4665141, 1, '2020-10-30 06:10:29', 1);
INSERT INTO `operation_log` VALUES (4665142, 1, '2020-10-30 06:11:20', 1);
INSERT INTO `operation_log` VALUES (4665143, 1, '2020-10-30 06:14:11', 1);
INSERT INTO `operation_log` VALUES (4665144, 1, '2020-10-30 06:16:35', 1);
INSERT INTO `operation_log` VALUES (4665145, 1, '2020-10-30 07:20:42', 1);
INSERT INTO `operation_log` VALUES (4665146, 1, '2020-10-30 07:28:48', 1);
INSERT INTO `operation_log` VALUES (4665147, 1, '2020-10-30 07:33:37', 1);
INSERT INTO `operation_log` VALUES (4665148, 1, '2020-10-30 07:34:23', 1);
INSERT INTO `operation_log` VALUES (4665149, 1, '2020-10-30 07:35:15', 1);
INSERT INTO `operation_log` VALUES (4665150, 1, '2020-10-30 07:54:24', 1);
INSERT INTO `operation_log` VALUES (4665151, 1, '2020-10-30 07:57:08', 1);
INSERT INTO `operation_log` VALUES (4665152, 1, '2020-10-30 08:04:53', 1);
INSERT INTO `operation_log` VALUES (4665153, 1, '2020-10-30 08:05:29', 1);
INSERT INTO `operation_log` VALUES (4665154, 1, '2020-10-30 08:08:23', 1);
INSERT INTO `operation_log` VALUES (4665155, 1, '2020-10-30 08:09:56', 1);
INSERT INTO `operation_log` VALUES (4665156, 1, '2020-10-30 08:10:33', 1);
INSERT INTO `operation_log` VALUES (4665157, 1, '2020-10-30 09:44:35', 1);
INSERT INTO `operation_log` VALUES (4665158, 1, '2020-10-30 09:44:39', 1);
INSERT INTO `operation_log` VALUES (4665159, 1, '2020-10-30 09:45:40', 1);
INSERT INTO `operation_log` VALUES (4665160, 1, '2020-10-30 09:47:05', 1);
INSERT INTO `operation_log` VALUES (4665161, 1, '2020-10-31 01:55:11', 1);
INSERT INTO `operation_log` VALUES (4665162, 1, '2020-10-31 02:00:22', 1);
INSERT INTO `operation_log` VALUES (4665163, 1, '2020-10-31 02:00:52', 1);
INSERT INTO `operation_log` VALUES (4665164, 1, '2020-10-31 02:01:37', 1);
INSERT INTO `operation_log` VALUES (4665165, 1, '2020-10-31 02:07:05', 1);
INSERT INTO `operation_log` VALUES (4665166, 1, '2020-10-31 02:07:50', 1);
INSERT INTO `operation_log` VALUES (4665167, 1, '2020-10-31 02:15:04', 1);
INSERT INTO `operation_log` VALUES (4665168, 1, '2020-10-31 02:25:40', 1);
INSERT INTO `operation_log` VALUES (4665169, 1, '2020-10-31 02:26:38', 1);
INSERT INTO `operation_log` VALUES (4665170, 1, '2020-10-31 02:28:07', 1);
INSERT INTO `operation_log` VALUES (4665171, 1, '2020-10-31 02:29:23', 1);
INSERT INTO `operation_log` VALUES (4665172, 1, '2020-10-31 02:30:24', 1);
INSERT INTO `operation_log` VALUES (4665173, 1, '2020-10-31 02:32:02', 1);
INSERT INTO `operation_log` VALUES (4665174, 1, '2020-10-31 02:34:48', 1);
INSERT INTO `operation_log` VALUES (4665175, 1, '2020-10-31 02:54:40', 1);
INSERT INTO `operation_log` VALUES (4665176, 1, '2020-10-31 02:55:47', 1);
INSERT INTO `operation_log` VALUES (4665177, 1, '2020-10-31 03:08:50', 1);
INSERT INTO `operation_log` VALUES (4665178, 1, '2020-10-31 03:11:23', 1);
INSERT INTO `operation_log` VALUES (4665179, 1, '2020-10-31 03:15:41', 1);
INSERT INTO `operation_log` VALUES (4665180, 1, '2020-10-31 03:37:55', 1);
INSERT INTO `operation_log` VALUES (4665181, 1, '2020-10-31 06:00:25', 1);
INSERT INTO `operation_log` VALUES (4665182, 1, '2020-10-31 06:01:30', 1);
INSERT INTO `operation_log` VALUES (4665183, 0, '2020-11-02 03:52:40', 1);
INSERT INTO `operation_log` VALUES (4665184, 0, '2020-11-02 03:54:20', 1);
INSERT INTO `operation_log` VALUES (4665185, 0, '2020-11-02 03:55:58', 1);
INSERT INTO `operation_log` VALUES (4665186, 1, '2020-11-06 08:59:02', 1);
INSERT INTO `operation_log` VALUES (4665187, 1, '2020-11-06 09:00:52', 1);
INSERT INTO `operation_log` VALUES (4665188, 0, '2020-11-06 09:02:01', 1);
INSERT INTO `operation_log` VALUES (4665189, 0, '2020-11-10 07:25:51', 1);
INSERT INTO `operation_log` VALUES (4665190, 0, '2020-11-10 07:26:43', 1);
INSERT INTO `operation_log` VALUES (4665191, 0, '2020-11-10 07:31:38', 1);
INSERT INTO `operation_log` VALUES (4665192, 0, '2020-11-10 07:33:37', 1);
INSERT INTO `operation_log` VALUES (4665193, 0, '2020-11-10 07:34:24', 1);
INSERT INTO `operation_log` VALUES (4665194, 0, '2020-11-10 07:35:00', 1);
INSERT INTO `operation_log` VALUES (4665195, 0, '2020-11-10 07:35:38', 1);
INSERT INTO `operation_log` VALUES (4665196, 0, '2020-11-10 07:36:29', 1);
INSERT INTO `operation_log` VALUES (4665197, 0, '2020-11-10 07:37:08', 1);
INSERT INTO `operation_log` VALUES (4665198, 0, '2020-11-10 07:37:47', 1);
INSERT INTO `operation_log` VALUES (4665199, 0, '2020-11-10 08:35:52', 1);
INSERT INTO `operation_log` VALUES (4665200, 0, '2020-11-10 08:36:58', 1);
INSERT INTO `operation_log` VALUES (4665201, 0, '2020-11-10 08:37:48', 1);
INSERT INTO `operation_log` VALUES (4665202, 0, '2020-11-10 08:38:21', 1);
INSERT INTO `operation_log` VALUES (4665203, 0, '2020-11-10 08:38:50', 1);
INSERT INTO `operation_log` VALUES (4665204, 0, '2020-11-10 08:39:47', 1);
INSERT INTO `operation_log` VALUES (4665205, 0, '2020-11-10 08:46:20', 1);
INSERT INTO `operation_log` VALUES (4665206, 0, '2020-11-10 08:47:09', 1);
INSERT INTO `operation_log` VALUES (4665207, 1, '2020-11-10 08:47:29', 1);
INSERT INTO `operation_log` VALUES (4665208, 1, '2020-11-10 08:48:17', 1);
INSERT INTO `operation_log` VALUES (4665209, 1, '2020-11-10 08:48:45', 1);
INSERT INTO `operation_log` VALUES (4665210, 1, '2020-11-10 08:53:00', 1);
INSERT INTO `operation_log` VALUES (4665211, 1, '2020-11-10 08:53:37', 1);
INSERT INTO `operation_log` VALUES (4665212, 1, '2020-11-10 09:35:09', 1);
INSERT INTO `operation_log` VALUES (4665213, 1, '2020-11-10 09:35:30', 1);
INSERT INTO `operation_log` VALUES (4665214, 1, '2020-11-10 09:40:49', 1);
INSERT INTO `operation_log` VALUES (4665215, 1, '2020-11-10 09:41:50', 1);
INSERT INTO `operation_log` VALUES (4665216, 1, '2020-11-10 09:45:10', 1);
INSERT INTO `operation_log` VALUES (4665217, 1, '2020-11-10 09:46:07', 1);
INSERT INTO `operation_log` VALUES (4665218, 1, '2020-11-10 09:50:09', 1);
INSERT INTO `operation_log` VALUES (4665219, 0, '2020-11-10 11:30:13', 1);
INSERT INTO `operation_log` VALUES (4665220, 0, '2020-11-10 11:31:54', 1);
INSERT INTO `operation_log` VALUES (4665221, 0, '2020-11-12 05:53:47', 1);
INSERT INTO `operation_log` VALUES (4665222, 0, '2020-11-12 05:54:57', 1);
INSERT INTO `operation_log` VALUES (4665223, 0, '2020-11-12 07:50:02', 1);
INSERT INTO `operation_log` VALUES (4665224, 0, '2020-11-14 02:01:16', 1);
INSERT INTO `operation_log` VALUES (4665225, 0, '2020-11-14 05:05:37', 1);
INSERT INTO `operation_log` VALUES (4665226, 0, '2020-11-14 05:29:17', 1);
INSERT INTO `operation_log` VALUES (4665227, 0, '2020-11-14 05:30:30', 1);
INSERT INTO `operation_log` VALUES (4665228, 0, '2020-11-14 05:30:45', 1);
INSERT INTO `operation_log` VALUES (4665229, 0, '2020-11-14 05:31:22', 1);
INSERT INTO `operation_log` VALUES (4665230, 0, '2020-11-14 05:43:11', 1);
INSERT INTO `operation_log` VALUES (4665231, 0, '2020-11-14 05:46:17', 1);
INSERT INTO `operation_log` VALUES (4665232, 0, '2020-11-14 05:46:35', 1);
INSERT INTO `operation_log` VALUES (4665233, 0, '2020-11-14 06:06:01', 1);
INSERT INTO `operation_log` VALUES (4665234, 0, '2020-11-16 05:54:01', 1);
INSERT INTO `operation_log` VALUES (4665235, 0, '2020-11-16 05:54:40', 1);
INSERT INTO `operation_log` VALUES (4665236, 0, '2020-11-16 06:02:04', 1);
INSERT INTO `operation_log` VALUES (4665237, 0, '2020-11-16 06:16:17', 1);
INSERT INTO `operation_log` VALUES (4665238, 0, '2020-11-16 06:32:04', 1);
INSERT INTO `operation_log` VALUES (4665239, 0, '2020-11-16 06:37:48', 1);
INSERT INTO `operation_log` VALUES (4665240, 0, '2020-11-16 06:39:44', 1);
INSERT INTO `operation_log` VALUES (4665241, 0, '2020-11-16 06:55:57', 1);
INSERT INTO `operation_log` VALUES (4665242, 0, '2020-11-16 06:59:34', 1);
INSERT INTO `operation_log` VALUES (4665243, 0, '2020-11-16 07:03:11', 1);
INSERT INTO `operation_log` VALUES (4665244, 0, '2020-11-16 07:09:08', 1);
INSERT INTO `operation_log` VALUES (4665245, 0, '2020-11-16 07:10:48', 1);
INSERT INTO `operation_log` VALUES (4665246, 0, '2020-11-16 07:39:58', 1);
INSERT INTO `operation_log` VALUES (4665247, 0, '2020-11-16 07:41:59', 1);
INSERT INTO `operation_log` VALUES (4665248, 0, '2020-11-16 07:44:36', 1);
INSERT INTO `operation_log` VALUES (4665249, 0, '2020-11-16 08:09:45', 1);
INSERT INTO `operation_log` VALUES (4665250, 0, '2020-11-16 08:11:02', 1);
INSERT INTO `operation_log` VALUES (4665251, 0, '2020-11-16 08:14:55', 1);
INSERT INTO `operation_log` VALUES (4665252, 0, '2020-11-16 08:19:02', 1);
INSERT INTO `operation_log` VALUES (4665253, 0, '2020-11-16 08:22:05', 1);
INSERT INTO `operation_log` VALUES (4665254, 0, '2020-11-16 08:27:39', 1);
INSERT INTO `operation_log` VALUES (4665255, 0, '2020-11-16 08:28:24', 1);
INSERT INTO `operation_log` VALUES (4665256, 0, '2020-11-16 08:32:43', 1);
INSERT INTO `operation_log` VALUES (4665257, 0, '2020-11-16 09:04:07', 1);
INSERT INTO `operation_log` VALUES (4665258, 0, '2020-11-16 09:12:30', 1);
INSERT INTO `operation_log` VALUES (4665259, 0, '2020-11-16 11:02:37', 1);
INSERT INTO `operation_log` VALUES (4665260, 0, '2020-11-16 11:18:03', 1);
INSERT INTO `operation_log` VALUES (4665261, 0, '2020-11-16 11:18:22', 1);
INSERT INTO `operation_log` VALUES (4665262, 0, '2020-11-17 05:37:30', 1);
INSERT INTO `operation_log` VALUES (4665263, 0, '2020-11-17 05:40:00', 1);
INSERT INTO `operation_log` VALUES (4665264, 0, '2020-11-17 05:49:18', 1);
INSERT INTO `operation_log` VALUES (4665265, 0, '2020-11-17 05:50:22', 1);
INSERT INTO `operation_log` VALUES (4665266, 0, '2020-11-17 05:53:23', 1);
INSERT INTO `operation_log` VALUES (4665267, 0, '2020-11-17 05:53:39', 1);
INSERT INTO `operation_log` VALUES (4665268, 0, '2020-11-17 05:57:41', 1);
INSERT INTO `operation_log` VALUES (4665269, 0, '2020-11-17 05:58:27', 1);
INSERT INTO `operation_log` VALUES (4665270, 0, '2020-11-17 06:24:16', 1);
INSERT INTO `operation_log` VALUES (4665271, 0, '2020-11-17 06:27:10', 1);
INSERT INTO `operation_log` VALUES (4665272, 0, '2020-11-17 06:32:39', 1);
INSERT INTO `operation_log` VALUES (4665273, 0, '2020-11-18 08:36:43', 1);
INSERT INTO `operation_log` VALUES (4665274, 0, '2020-11-18 08:37:10', 1);
INSERT INTO `operation_log` VALUES (4665275, 0, '2020-11-18 08:40:03', 1);
INSERT INTO `operation_log` VALUES (4665276, 0, '2020-11-20 10:13:38', 1);
INSERT INTO `operation_log` VALUES (4665277, 0, '2020-11-20 10:22:02', 1);
INSERT INTO `operation_log` VALUES (4665278, 0, '2020-11-20 10:46:08', 1);
INSERT INTO `operation_log` VALUES (4665279, 0, '2020-11-20 10:48:49', 1);
INSERT INTO `operation_log` VALUES (4665280, 0, '2020-11-20 10:52:59', 1);
INSERT INTO `operation_log` VALUES (4665281, 0, '2020-11-20 11:01:09', 1);
INSERT INTO `operation_log` VALUES (4665282, 0, '2020-11-20 11:01:35', 1);
INSERT INTO `operation_log` VALUES (4665283, 0, '2020-11-20 11:01:55', 1);
INSERT INTO `operation_log` VALUES (4665284, 0, '2020-11-20 11:44:16', 1);
INSERT INTO `operation_log` VALUES (4665285, 1, '2020-11-24 06:36:28', 1);
INSERT INTO `operation_log` VALUES (4665286, 1, '2020-11-24 06:38:28', 1);
INSERT INTO `operation_log` VALUES (4665287, 1, '2020-11-24 06:50:02', 1);
INSERT INTO `operation_log` VALUES (4665288, 1, '2020-11-24 06:59:22', 1);
INSERT INTO `operation_log` VALUES (4665289, 1, '2020-11-24 07:08:22', 1);
INSERT INTO `operation_log` VALUES (4665290, 1, '2020-11-24 09:43:11', 1);
INSERT INTO `operation_log` VALUES (4665291, 1, '2020-11-25 02:00:45', 1);
INSERT INTO `operation_log` VALUES (4665292, 1, '2020-11-25 02:19:55', 1);
INSERT INTO `operation_log` VALUES (4665293, 1, '2020-11-25 02:24:15', 1);
INSERT INTO `operation_log` VALUES (4665294, 1, '2020-11-25 03:02:19', 1);
INSERT INTO `operation_log` VALUES (4665295, 1, '2020-11-25 11:01:53', 1);
INSERT INTO `operation_log` VALUES (4665296, 1, '2020-11-27 06:38:34', 1);
INSERT INTO `operation_log` VALUES (4665297, 1, '2020-11-27 08:08:01', 1);
INSERT INTO `operation_log` VALUES (4665298, 1, '2020-11-27 10:44:44', 1);
INSERT INTO `operation_log` VALUES (4665299, 0, '2020-11-27 10:48:40', 1);
INSERT INTO `operation_log` VALUES (4665300, 0, '2020-11-27 10:49:23', 1);
INSERT INTO `operation_log` VALUES (4665301, 1, '2020-11-27 10:56:46', 1);
INSERT INTO `operation_log` VALUES (4665302, 0, '2020-11-27 11:12:04', 1);
INSERT INTO `operation_log` VALUES (4665303, 1, '2020-11-30 19:19:48', 1);
INSERT INTO `operation_log` VALUES (4665304, 1, '2020-11-30 22:33:48', 1);
INSERT INTO `operation_log` VALUES (4665305, 1, '2020-12-01 15:17:15', 1);
INSERT INTO `operation_log` VALUES (4665306, 1, '2020-12-01 16:10:17', 1);
INSERT INTO `operation_log` VALUES (4665307, 1, '2020-12-01 16:10:43', 1);
INSERT INTO `operation_log` VALUES (4665308, 1, '2020-12-01 17:18:53', 1);
INSERT INTO `operation_log` VALUES (4665309, 0, '2020-12-02 11:05:55', 1);
INSERT INTO `operation_log` VALUES (4665310, 0, '2020-12-02 15:24:48', 1);
INSERT INTO `operation_log` VALUES (4665311, 0, '2020-12-02 16:38:13', 1);
INSERT INTO `operation_log` VALUES (4665312, 1, '2020-12-02 16:39:50', 1);
INSERT INTO `operation_log` VALUES (4665313, 0, '2020-12-03 11:59:41', 1);
INSERT INTO `operation_log` VALUES (4665314, 0, '2020-12-03 12:00:33', 1);
INSERT INTO `operation_log` VALUES (4665315, 0, '2020-12-07 16:10:48', 1);
INSERT INTO `operation_log` VALUES (4665316, 0, '2020-12-07 16:11:17', 1);
INSERT INTO `operation_log` VALUES (4665317, 0, '2020-12-07 16:33:32', 1);
INSERT INTO `operation_log` VALUES (4665318, 1, '2020-12-07 16:59:28', 1);
INSERT INTO `operation_log` VALUES (4665319, 1, '2020-12-07 17:00:10', 1);
INSERT INTO `operation_log` VALUES (4665320, 1, '2020-12-07 17:05:44', 1);
INSERT INTO `operation_log` VALUES (4665321, 0, '2020-12-07 18:49:30', 1);
INSERT INTO `operation_log` VALUES (4665322, 0, '2020-12-08 16:25:43', 1);
INSERT INTO `operation_log` VALUES (4665323, 0, '2020-12-08 16:25:57', 1);
INSERT INTO `operation_log` VALUES (4665324, 0, '2020-12-08 16:29:31', 1);
INSERT INTO `operation_log` VALUES (4665325, 0, '2020-12-08 16:29:57', 1);
INSERT INTO `operation_log` VALUES (4665326, 0, '2020-12-08 16:44:49', 1);
INSERT INTO `operation_log` VALUES (4665327, 0, '2020-12-08 16:46:38', 1);
INSERT INTO `operation_log` VALUES (4665328, 0, '2020-12-09 11:19:46', 1);
INSERT INTO `operation_log` VALUES (4665329, 0, '2020-12-09 16:15:03', 1);
INSERT INTO `operation_log` VALUES (4665330, 0, '2020-12-09 16:15:13', 1);
INSERT INTO `operation_log` VALUES (4665331, 0, '2020-12-09 16:16:06', 1);
INSERT INTO `operation_log` VALUES (4665332, 1, '2020-12-09 18:59:33', 1);
INSERT INTO `operation_log` VALUES (4665333, 1, '2020-12-09 19:00:12', 1);
INSERT INTO `operation_log` VALUES (4665334, 0, '2020-12-09 19:12:41', 1);
INSERT INTO `operation_log` VALUES (4665335, 0, '2020-12-09 19:13:17', 1);
INSERT INTO `operation_log` VALUES (4665336, 0, '2020-12-09 20:13:12', 1);
INSERT INTO `operation_log` VALUES (4665337, 0, '2020-12-09 20:13:29', 1);
INSERT INTO `operation_log` VALUES (4665338, 0, '2020-12-09 20:14:08', 1);
INSERT INTO `operation_log` VALUES (4665339, 0, '2020-12-09 20:14:17', 1);
INSERT INTO `operation_log` VALUES (4665340, 0, '2020-12-09 20:15:04', 1);
INSERT INTO `operation_log` VALUES (4665341, 0, '2020-12-09 20:15:36', 1);
INSERT INTO `operation_log` VALUES (4665342, 0, '2020-12-09 20:15:46', 1);
INSERT INTO `operation_log` VALUES (4665343, 0, '2020-12-09 20:16:14', 1);
INSERT INTO `operation_log` VALUES (4665344, 0, '2020-12-09 20:16:43', 1);
INSERT INTO `operation_log` VALUES (4665345, 0, '2020-12-10 11:58:14', 1);
INSERT INTO `operation_log` VALUES (4665346, 0, '2020-12-10 15:31:19', 1);
INSERT INTO `operation_log` VALUES (4665347, 0, '2020-12-10 20:40:56', 1);
INSERT INTO `operation_log` VALUES (4665348, 0, '2020-12-10 21:42:31', 1);
INSERT INTO `operation_log` VALUES (4665349, 0, '2020-12-10 21:43:12', 1);
INSERT INTO `operation_log` VALUES (4665350, 0, '2020-12-10 21:44:13', 1);
INSERT INTO `operation_log` VALUES (4665351, 0, '2020-12-10 21:44:52', 1);
INSERT INTO `operation_log` VALUES (4665352, 0, '2020-12-10 22:55:07', 1);
INSERT INTO `operation_log` VALUES (4665353, 0, '2020-12-10 23:08:41', 1);
INSERT INTO `operation_log` VALUES (4665354, 0, '2020-12-10 23:09:55', 1);
INSERT INTO `operation_log` VALUES (4665355, 0, '2020-12-10 23:12:27', 1);
INSERT INTO `operation_log` VALUES (4665356, 0, '2020-12-10 23:13:11', 1);
INSERT INTO `operation_log` VALUES (4665357, 0, '2020-12-10 23:23:17', 1);
INSERT INTO `operation_log` VALUES (4665358, 0, '2020-12-10 23:30:46', 1);
INSERT INTO `operation_log` VALUES (4665359, 0, '2020-12-10 23:31:21', 1);
INSERT INTO `operation_log` VALUES (4665360, 0, '2020-12-11 22:28:44', 1);
INSERT INTO `operation_log` VALUES (4665361, 0, '2020-12-11 22:31:35', 1);
INSERT INTO `operation_log` VALUES (4665362, 0, '2020-12-11 22:32:11', 1);
INSERT INTO `operation_log` VALUES (4665363, 0, '2020-12-14 10:56:38', 1);
INSERT INTO `operation_log` VALUES (4665364, 0, '2020-12-14 11:15:11', 1);
INSERT INTO `operation_log` VALUES (4665365, 0, '2020-12-14 13:51:34', 1);
INSERT INTO `operation_log` VALUES (4665366, 0, '2020-12-14 13:53:42', 1);
INSERT INTO `operation_log` VALUES (4665367, 0, '2020-12-14 13:57:54', 1);
INSERT INTO `operation_log` VALUES (4665368, 0, '2020-12-14 13:59:14', 1);
INSERT INTO `operation_log` VALUES (4665369, 0, '2020-12-14 14:00:08', 1);
INSERT INTO `operation_log` VALUES (4665370, 0, '2020-12-14 14:07:51', 1);
INSERT INTO `operation_log` VALUES (4665371, 0, '2020-12-14 14:08:34', 1);
INSERT INTO `operation_log` VALUES (4665372, 0, '2020-12-14 14:09:43', 1);
INSERT INTO `operation_log` VALUES (4665373, 0, '2020-12-14 15:08:50', 1);
INSERT INTO `operation_log` VALUES (4665374, 0, '2020-12-14 15:12:02', 1);
INSERT INTO `operation_log` VALUES (4665375, 0, '2020-12-14 15:13:16', 1);
INSERT INTO `operation_log` VALUES (4665376, 0, '2020-12-14 18:19:45', 1);
INSERT INTO `operation_log` VALUES (4665377, 0, '2020-12-14 18:24:08', 1);
INSERT INTO `operation_log` VALUES (4665378, 0, '2020-12-14 18:24:23', 1);
INSERT INTO `operation_log` VALUES (4665379, 0, '2020-12-14 18:25:22', 1);
INSERT INTO `operation_log` VALUES (4665380, 0, '2020-12-14 18:34:10', 1);
INSERT INTO `operation_log` VALUES (4665381, 0, '2020-12-14 18:34:10', 1);
INSERT INTO `operation_log` VALUES (4665382, 0, '2020-12-14 18:40:50', 1);
INSERT INTO `operation_log` VALUES (4665383, 0, '2020-12-14 18:41:41', 1);
INSERT INTO `operation_log` VALUES (4665384, 0, '2020-12-14 18:43:20', 1);
INSERT INTO `operation_log` VALUES (4665385, 0, '2020-12-14 18:44:48', 1);
INSERT INTO `operation_log` VALUES (4665386, 0, '2020-12-14 18:46:04', 1);
INSERT INTO `operation_log` VALUES (4665387, 0, '2020-12-14 18:47:14', 1);
INSERT INTO `operation_log` VALUES (4665388, 0, '2020-12-14 19:02:06', 1);
INSERT INTO `operation_log` VALUES (4665389, 0, '2020-12-14 19:02:40', 1);
INSERT INTO `operation_log` VALUES (4665390, 0, '2020-12-14 19:03:28', 1);
INSERT INTO `operation_log` VALUES (4665391, 0, '2020-12-14 19:03:32', 1);
INSERT INTO `operation_log` VALUES (4665392, 0, '2020-12-14 19:05:38', 1);
INSERT INTO `operation_log` VALUES (4665393, 0, '2020-12-14 19:05:44', 1);
INSERT INTO `operation_log` VALUES (4665394, 0, '2020-12-14 19:05:56', 1);
INSERT INTO `operation_log` VALUES (4665395, 0, '2020-12-14 19:06:51', 1);
INSERT INTO `operation_log` VALUES (4665396, 0, '2020-12-14 19:07:25', 1);
INSERT INTO `operation_log` VALUES (4665397, 0, '2020-12-14 19:18:37', 1);
INSERT INTO `operation_log` VALUES (4665398, 0, '2020-12-14 19:20:06', 1);
INSERT INTO `operation_log` VALUES (4665399, 0, '2020-12-14 19:21:14', 1);
INSERT INTO `operation_log` VALUES (4665400, 0, '2020-12-14 19:22:26', 1);
INSERT INTO `operation_log` VALUES (4665401, 0, '2020-12-15 19:16:17', 1);
INSERT INTO `operation_log` VALUES (4665402, 0, '2020-12-15 19:16:50', 1);
INSERT INTO `operation_log` VALUES (4665403, 0, '2020-12-15 19:18:37', 1);
INSERT INTO `operation_log` VALUES (4665404, 0, '2020-12-15 19:25:04', 1);
INSERT INTO `operation_log` VALUES (4665405, 0, '2020-12-15 19:28:01', 1);
INSERT INTO `operation_log` VALUES (4665406, 0, '2020-12-15 19:30:29', 1);
INSERT INTO `operation_log` VALUES (4665407, 0, '2020-12-16 13:16:53', 1);
INSERT INTO `operation_log` VALUES (4665408, 0, '2020-12-16 13:20:09', 1);
INSERT INTO `operation_log` VALUES (4665409, 0, '2020-12-16 13:21:00', 1);
INSERT INTO `operation_log` VALUES (4665410, 0, '2020-12-16 13:23:31', 1);
INSERT INTO `operation_log` VALUES (4665411, 0, '2020-12-16 13:23:39', 1);
INSERT INTO `operation_log` VALUES (4665412, 0, '2020-12-16 13:24:01', 1);
INSERT INTO `operation_log` VALUES (4665413, 0, '2020-12-16 13:33:25', 1);
INSERT INTO `operation_log` VALUES (4665414, 0, '2020-12-16 13:33:48', 1);
INSERT INTO `operation_log` VALUES (4665415, 0, '2020-12-16 13:38:16', 1);
INSERT INTO `operation_log` VALUES (4665416, 0, '2020-12-16 13:38:42', 1);
INSERT INTO `operation_log` VALUES (4665417, 0, '2020-12-16 13:41:54', 1);
INSERT INTO `operation_log` VALUES (4665418, 0, '2020-12-16 13:43:51', 1);
INSERT INTO `operation_log` VALUES (4665419, 0, '2020-12-16 13:44:00', 1);
INSERT INTO `operation_log` VALUES (4665420, 0, '2020-12-16 14:02:18', 1);
INSERT INTO `operation_log` VALUES (4665421, 0, '2020-12-16 14:02:39', 1);
INSERT INTO `operation_log` VALUES (4665422, 0, '2020-12-16 14:30:53', 1);
INSERT INTO `operation_log` VALUES (4665423, 0, '2020-12-16 14:32:19', 1);
INSERT INTO `operation_log` VALUES (4665424, 0, '2020-12-16 14:44:24', 1);
INSERT INTO `operation_log` VALUES (4665425, 0, '2020-12-16 16:49:34', 1);
INSERT INTO `operation_log` VALUES (4665426, 1, '2020-12-17 13:39:30', 1);
INSERT INTO `operation_log` VALUES (4665427, 1, '2020-12-17 13:55:24', 1);
INSERT INTO `operation_log` VALUES (4665428, 0, '2020-12-17 16:58:03', 1);
INSERT INTO `operation_log` VALUES (4665429, 0, '2020-12-17 17:22:02', 1);

-- ----------------------------
-- Table structure for student
-- ----------------------------
DROP TABLE IF EXISTS `student`;
CREATE TABLE `student`  (
  `id` int(0) NOT NULL AUTO_INCREMENT COMMENT 'id',
  `studentname` varchar(50) CHARACTER SET utf8 COLLATE utf8_general_ci NOT NULL COMMENT '用户名',
  `institutionid` int(0) NOT NULL COMMENT '所属机构',
  `telephone` varchar(50) CHARACTER SET utf8 COLLATE utf8_general_ci NOT NULL DEFAULT '' COMMENT '手机',
  `passport` varchar(255) CHARACTER SET utf8 COLLATE utf8_general_ci NULL DEFAULT NULL COMMENT '密码',
  `environmenttag` int(0) NULL DEFAULT NULL COMMENT '0表示线上，1表示线下',
  PRIMARY KEY (`id`) USING BTREE
) ENGINE = InnoDB AUTO_INCREMENT = 5759586 CHARACTER SET = utf8 COLLATE = utf8_general_ci COMMENT = '学生表' ROW_FORMAT = Dynamic;

-- ----------------------------
-- Records of student
-- ----------------------------
INSERT INTO `student` VALUES (510658, '蒋启睿', 1591, '19900000015', '123456', 1);
INSERT INTO `student` VALUES (2001645, '秦瑞劳', 1591, '15510000001', '123456', 1);
INSERT INTO `student` VALUES (2001646, '党波生', 1591, '15510000002', '123456', 1);
INSERT INTO `student` VALUES (2001647, '吕明琴', 1591, '15510000003', '123456', 1);
INSERT INTO `student` VALUES (2001648, '姚红萍', 1591, '15510000004', '123456', 1);
INSERT INTO `student` VALUES (2001649, '王武强', 1591, '15510000005', '123456', 1);
INSERT INTO `student` VALUES (2001650, '马敬', 1591, '15510000006', '123456', 1);
INSERT INTO `student` VALUES (2001651, '刘双刚', 1591, '15510000007', '123456', 1);
INSERT INTO `student` VALUES (2001652, '赵雪迎', 1591, '15510000008', '123456', 1);
INSERT INTO `student` VALUES (2001653, '张荣建', 1591, '15510000009', '123456', 1);
INSERT INTO `student` VALUES (2001654, '谭坤安', 1591, '15510000010', '123456', 1);
INSERT INTO `student` VALUES (2001655, '王宁佳', 1591, '15510000011', '123456', 1);
INSERT INTO `student` VALUES (2001656, '兰志元', 1591, '15510000012', '123456', 1);
INSERT INTO `student` VALUES (2001657, '李永琴', 1591, '15510000013', '123456', 1);
INSERT INTO `student` VALUES (2001658, '郭海强', 1591, '15510000014', '123456', 1);
INSERT INTO `student` VALUES (2001659, '马红群', 1591, '15510000015', '123456', 1);
INSERT INTO `student` VALUES (2001660, '牛丹波', 1591, '15510000016', '123456', 1);
INSERT INTO `student` VALUES (2001661, '朱新龙', 1591, '15510000017', '123456', 1);
INSERT INTO `student` VALUES (2001662, '杨丰洲', 1591, '15510000018', '123456', 1);
INSERT INTO `student` VALUES (2001663, '温存刚', 1591, '15510000019', '123456', 1);
INSERT INTO `student` VALUES (2001664, '张群龙', 1591, '15510000020', '123456', 1);
INSERT INTO `student` VALUES (2001665, '舒志变', 1591, '15510000021', '123456', 1);
INSERT INTO `student` VALUES (2001666, '刘军锋', 1591, '15510000022', '123456', 1);
INSERT INTO `student` VALUES (2001667, '王海伟', 1591, '15510000023', '123456', 1);
INSERT INTO `student` VALUES (2001668, '白克歧', 1591, '15510000024', '123456', 1);
INSERT INTO `student` VALUES (2001669, '王增峰', 1591, '15510000025', '123456', 1);
INSERT INTO `student` VALUES (2001670, '王云兴', 1591, '15510000026', '123456', 1);
INSERT INTO `student` VALUES (2001671, '郝宝礼', 1591, '15510000027', '123456', 1);
INSERT INTO `student` VALUES (2001672, '郭丹', 1591, '15510000028', '123456', 1);
INSERT INTO `student` VALUES (2001673, '雷地民', 1591, '15510000029', '123456', 1);
INSERT INTO `student` VALUES (2001674, '闫发旗', 1591, '15510000030', '123456', 1);
INSERT INTO `student` VALUES (2001675, '孙根强', 1591, '15510000031', '123456', 1);
INSERT INTO `student` VALUES (2001676, '何菡', 1591, '15510000032', '123456', 1);
INSERT INTO `student` VALUES (2001677, '冯建玉', 1591, '15510000033', '123456', 1);
INSERT INTO `student` VALUES (2001678, '赵伟强', 1591, '15510000034', '123456', 1);
INSERT INTO `student` VALUES (2001679, '杜善怀', 1591, '15510000035', '123456', 1);
INSERT INTO `student` VALUES (2001680, '辛永州', 1591, '15510000036', '123456', 1);
INSERT INTO `student` VALUES (2001681, '张林娟', 1591, '15510000037', '123456', 1);
INSERT INTO `student` VALUES (2001682, '赵伟绒', 1591, '15510000038', '123456', 1);
INSERT INTO `student` VALUES (2001683, '薛军', 1591, '15510000039', '123456', 1);
INSERT INTO `student` VALUES (2001684, '李君军', 1591, '15510000040', '123456', 1);
INSERT INTO `student` VALUES (2001685, '张海', 1591, '15510000041', '123456', 1);
INSERT INTO `student` VALUES (2001686, '李振善', 1591, '15510000042', '123456', 1);
INSERT INTO `student` VALUES (2001687, '许汉', 1591, '15510000043', '123456', 1);
INSERT INTO `student` VALUES (2001688, '刘根', 1591, '15510000044', '123456', 1);
INSERT INTO `student` VALUES (2001689, '黄磊', 1591, '15510000045', '123456', 1);
INSERT INTO `student` VALUES (2001690, '王小明', 1591, '15510000046', '123456', 1);
INSERT INTO `student` VALUES (2001691, '吕小明', 1591, '15510000047', '123456', 1);
INSERT INTO `student` VALUES (2001692, '雷妮周', 1591, '15510000048', '123456', 1);
INSERT INTO `student` VALUES (2001693, '张文怀', 1591, '15510000049', '123456', 1);
INSERT INTO `student` VALUES (2001694, '李顺忠', 1591, '15510000050', '123456', 1);
INSERT INTO `student` VALUES (2001695, '石党红', 1591, '15510000051', '123456', 1);
INSERT INTO `student` VALUES (2001696, '魏双艳', 1591, '15510000052', '123456', 1);
INSERT INTO `student` VALUES (2001697, '刘飞民', 1591, '15510000053', '123456', 1);
INSERT INTO `student` VALUES (2001698, '马锟红', 1591, '15510000054', '123456', 1);
INSERT INTO `student` VALUES (2001699, '许志', 1591, '15510000055', '123456', 1);
INSERT INTO `student` VALUES (2001700, '连胜铭', 1591, '15510000056', '123456', 1);
INSERT INTO `student` VALUES (2001701, '张卫权', 1591, '15510000057', '123456', 1);
INSERT INTO `student` VALUES (2001702, '雒宏军', 1591, '15510000058', '123456', 1);
INSERT INTO `student` VALUES (2001703, '梁建辉', 1591, '15510000059', '123456', 1);
INSERT INTO `student` VALUES (2001704, '房保强', 1591, '15510000060', '123456', 1);
INSERT INTO `student` VALUES (2001705, '韩建斌', 1591, '15510000061', '123456', 1);
INSERT INTO `student` VALUES (2001706, '杨孟涛', 1591, '15510000062', '123456', 1);
INSERT INTO `student` VALUES (2001707, '冯孝妮', 1591, '15510000063', '123456', 1);
INSERT INTO `student` VALUES (2001708, '郭继东', 1591, '15510000064', '123456', 1);
INSERT INTO `student` VALUES (2001709, '朱军', 1591, '15510000065', '123456', 1);
INSERT INTO `student` VALUES (2001710, '田浩哲', 1591, '15510000066', '123456', 1);
INSERT INTO `student` VALUES (2001711, '张开红', 1591, '15510000067', '123456', 1);
INSERT INTO `student` VALUES (2001712, '王小', 1591, '15510000068', '123456', 1);
INSERT INTO `student` VALUES (2001713, '刘建', 1591, '15510000069', '123456', 1);
INSERT INTO `student` VALUES (2001714, '孙秋亮', 1591, '15510000070', '123456', 1);
INSERT INTO `student` VALUES (2001715, '刘锦恒', 1591, '15510000071', '123456', 1);
INSERT INTO `student` VALUES (2001716, '焦来芳', 1591, '15510000072', '123456', 1);
INSERT INTO `student` VALUES (2001717, '李西磊', 1591, '15510000073', '123456', 1);
INSERT INTO `student` VALUES (2001718, '魏永群', 1591, '15510000074', '123456', 1);
INSERT INTO `student` VALUES (2001719, '赵冰江', 1591, '15510000075', '123456', 1);
INSERT INTO `student` VALUES (2001720, '马国', 1591, '15510000076', '123456', 1);
INSERT INTO `student` VALUES (2001721, '苏涛', 1591, '15510000077', '123456', 1);
INSERT INTO `student` VALUES (2001722, '夏丽朋', 1591, '15510000078', '123456', 1);
INSERT INTO `student` VALUES (2001723, '王娟辉', 1591, '15510000079', '123456', 1);
INSERT INTO `student` VALUES (2001724, '张飞红', 1591, '15510000080', '123456', 1);
INSERT INTO `student` VALUES (2001725, '张亚龙', 1591, '15510000081', '123456', 1);
INSERT INTO `student` VALUES (2001726, '赵月红', 1591, '15510000082', '123456', 1);
INSERT INTO `student` VALUES (2001727, '任峰亮', 1591, '15510000083', '123456', 1);
INSERT INTO `student` VALUES (2001728, '王站锋', 1591, '15510000084', '123456', 1);
INSERT INTO `student` VALUES (2001729, '雷博范', 1591, '15510000085', '123456', 1);
INSERT INTO `student` VALUES (2001730, '王伟文', 1591, '15510000086', '123456', 1);
INSERT INTO `student` VALUES (2001731, '张刚峰', 1591, '15510000087', '123456', 1);
INSERT INTO `student` VALUES (2001732, '连永伟', 1591, '15510000088', '123456', 1);
INSERT INTO `student` VALUES (2001733, '王伟强', 1591, '15510000089', '123456', 1);
INSERT INTO `student` VALUES (2001734, '王爱留', 1591, '15510000090', '123456', 1);
INSERT INTO `student` VALUES (2001735, '曹建峰', 1591, '15510000091', '123456', 1);
INSERT INTO `student` VALUES (2001736, '杨永景', 1591, '15510000092', '123456', 1);
INSERT INTO `student` VALUES (2001737, '黄万利', 1591, '15510000093', '123456', 1);
INSERT INTO `student` VALUES (2001738, '辛丹柱', 1591, '15510000094', '123456', 1);
INSERT INTO `student` VALUES (2001739, '张明平', 1591, '15510000095', '123456', 1);
INSERT INTO `student` VALUES (2001740, '耿勤科', 1591, '15510000096', '123456', 1);
INSERT INTO `student` VALUES (2001741, '贾建凡', 1591, '15510000097', '123456', 1);
INSERT INTO `student` VALUES (2001742, '井学', 1591, '15510000098', '123456', 1);
INSERT INTO `student` VALUES (2003388, '王广强', 1591, '18819999001', '123456', 1);
INSERT INTO `student` VALUES (2003389, '韩敏超', 1591, '18819999002', '123456', 1);
INSERT INTO `student` VALUES (2003390, '罗争洲', 1591, '18819999003', '123456', 1);
INSERT INTO `student` VALUES (2003391, '赵明', 1591, '18819999004', '123456', 1);
INSERT INTO `student` VALUES (2003392, '张仁玲', 1591, '18819999005', '123456', 1);
INSERT INTO `student` VALUES (2003393, '肖永臣', 1591, '18819999006', '123456', 1);
INSERT INTO `student` VALUES (2003394, '陈宝安', 1591, '18819999007', '123456', 1);
INSERT INTO `student` VALUES (2003395, '樊丹平', 1591, '18819999008', '123456', 1);
INSERT INTO `student` VALUES (2003396, '任文', 1591, '18819999009', '123456', 1);
INSERT INTO `student` VALUES (2003397, '刘爱民', 1591, '18819999010', '123456', 1);
INSERT INTO `student` VALUES (2003398, '冯志群', 1591, '18819999011', '123456', 1);
INSERT INTO `student` VALUES (2003399, '成辉梅', 1591, '18819999012', '123456', 1);
INSERT INTO `student` VALUES (2003400, '樊小添', 1591, '18819999013', '123456', 1);
INSERT INTO `student` VALUES (2003401, '陈述全', 1591, '18819999014', '123456', 1);
INSERT INTO `student` VALUES (2003402, '王军涛', 1591, '18819999015', '123456', 1);
INSERT INTO `student` VALUES (2003403, '樊红', 1591, '18819999016', '123456', 1);
INSERT INTO `student` VALUES (2003404, '赵社', 1591, '18819999017', '123456', 1);
INSERT INTO `student` VALUES (2003405, '屈枝刚', 1591, '18819999018', '123456', 1);
INSERT INTO `student` VALUES (2003406, '雷永明', 1591, '18819999019', '123456', 1);
INSERT INTO `student` VALUES (2003407, '贾相', 1591, '18819999020', '123456', 1);
INSERT INTO `student` VALUES (2003408, '张宸', 1591, '18819999021', '123456', 1);
INSERT INTO `student` VALUES (2003409, '杨启', 1591, '18819999022', '123456', 1);
INSERT INTO `student` VALUES (2003410, '侯向卫', 1591, '18819999023', '123456', 1);
INSERT INTO `student` VALUES (2003411, '许红锋', 1591, '18819999024', '123456', 1);
INSERT INTO `student` VALUES (2003412, '张乐霞', 1591, '18819999025', '123456', 1);
INSERT INTO `student` VALUES (2003413, '樊喜亮', 1591, '18819999026', '123456', 1);
INSERT INTO `student` VALUES (2003414, '肖力', 1591, '18819999027', '123456', 1);
INSERT INTO `student` VALUES (2003415, '梁敏斌', 1591, '18819999028', '123456', 1);
INSERT INTO `student` VALUES (2003416, '田仁文', 1591, '18819999029', '123456', 1);
INSERT INTO `student` VALUES (2003417, '赵建霞', 1591, '18819999030', '123456', 1);
INSERT INTO `student` VALUES (2003418, '高毅波', 1591, '18819999031', '123456', 1);
INSERT INTO `student` VALUES (2003419, '李剑保', 1591, '18819999032', '123456', 1);
INSERT INTO `student` VALUES (2003420, '王旺祥', 1591, '18819999033', '123456', 1);
INSERT INTO `student` VALUES (2003421, '宋琳利', 1591, '18819999034', '123456', 1);
INSERT INTO `student` VALUES (2003422, '齐云斌', 1591, '18819999035', '123456', 1);
INSERT INTO `student` VALUES (2003423, '党海宁', 1591, '18819999036', '123456', 1);
INSERT INTO `student` VALUES (2003424, '冯诗县', 1591, '18819999037', '123456', 1);
INSERT INTO `student` VALUES (2003425, '史浩超', 1591, '18819999038', '123456', 1);
INSERT INTO `student` VALUES (2003426, '徐海锋', 1591, '18819999039', '123456', 1);
INSERT INTO `student` VALUES (2003427, '王开荣', 1591, '18819999040', '123456', 1);
INSERT INTO `student` VALUES (2003428, '葛可杰', 1591, '18819999041', '123456', 1);
INSERT INTO `student` VALUES (2003429, '马波', 1591, '18819999042', '123456', 1);
INSERT INTO `student` VALUES (2003430, '汪群羊', 1591, '18819999043', '123456', 1);
INSERT INTO `student` VALUES (2003431, '赵新生', 1591, '18819999044', '123456', 1);
INSERT INTO `student` VALUES (2003432, '韩青庭', 1591, '18819999045', '123456', 1);
INSERT INTO `student` VALUES (2003433, '李平斌', 1591, '18819999046', '123456', 1);
INSERT INTO `student` VALUES (2003434, '张选平', 1591, '18819999047', '123456', 1);
INSERT INTO `student` VALUES (2003435, '崔俊', 1591, '18819999048', '123456', 1);
INSERT INTO `student` VALUES (2003436, '史富宾', 1591, '18819999049', '123456', 1);
INSERT INTO `student` VALUES (2003437, '樊元田', 1591, '18819999050', '123456', 1);
INSERT INTO `student` VALUES (2003438, '彭利勇', 1591, '18819999051', '123456', 1);
INSERT INTO `student` VALUES (2003439, '周彤军', 1591, '18819999052', '123456', 1);
INSERT INTO `student` VALUES (2003440, '木斌华', 1591, '18819999053', '123456', 1);
INSERT INTO `student` VALUES (2003441, '朱博鸿', 1591, '18819999054', '123456', 1);
INSERT INTO `student` VALUES (2003442, '王勇玲', 1591, '18819999055', '123456', 1);
INSERT INTO `student` VALUES (2003443, '周海', 1591, '18819999056', '123456', 1);
INSERT INTO `student` VALUES (2003444, '李磊', 1591, '18819999057', '123456', 1);
INSERT INTO `student` VALUES (2003445, '任治锋', 1591, '18819999058', '123456', 1);
INSERT INTO `student` VALUES (2003446, '徐峰龙', 1591, '18819999059', '123456', 1);
INSERT INTO `student` VALUES (2003447, '傅存胜', 1591, '18819999060', '123456', 1);
INSERT INTO `student` VALUES (2003448, '刘广田', 1591, '18819999061', '123456', 1);
INSERT INTO `student` VALUES (2003449, '范录明', 1591, '18819999062', '123456', 1);
INSERT INTO `student` VALUES (2003450, '炊永科', 1591, '18819999063', '123456', 1);
INSERT INTO `student` VALUES (2003451, '杨迎明', 1591, '18819999064', '123456', 1);
INSERT INTO `student` VALUES (2003452, '吴斌军', 1591, '18819999065', '123456', 1);
INSERT INTO `student` VALUES (2003453, '吴震飞', 1591, '18819999066', '123456', 1);
INSERT INTO `student` VALUES (2003454, '张亚成', 1591, '18819999067', '123456', 1);
INSERT INTO `student` VALUES (2003455, '赵合超', 1591, '18819999068', '123456', 1);
INSERT INTO `student` VALUES (2003456, '孙莉来', 1591, '18819999069', '123456', 1);
INSERT INTO `student` VALUES (2003457, '舒盛战', 1591, '18819999070', '123456', 1);
INSERT INTO `student` VALUES (2003458, '汪永龙', 1591, '18819999071', '123456', 1);
INSERT INTO `student` VALUES (2003459, '任小', 1591, '18819999072', '123456', 1);
INSERT INTO `student` VALUES (2003460, '王宝来', 1591, '18819999073', '123456', 1);
INSERT INTO `student` VALUES (2003461, '樊希', 1591, '18819999074', '123456', 1);
INSERT INTO `student` VALUES (2003462, '寇益卜', 1591, '18819999075', '123456', 1);
INSERT INTO `student` VALUES (2003463, '樊中霞', 1591, '18819999076', '123456', 1);
INSERT INTO `student` VALUES (2003464, '董书强', 1591, '18819999077', '123456', 1);
INSERT INTO `student` VALUES (2003465, '黄鹏明', 1591, '18819999078', '123456', 1);
INSERT INTO `student` VALUES (2003466, '兰德林', 1591, '18819999079', '123456', 1);
INSERT INTO `student` VALUES (2003467, '马冬军', 1591, '18819999080', '123456', 1);
INSERT INTO `student` VALUES (2003468, '王丰云', 1591, '18819999081', '123456', 1);
INSERT INTO `student` VALUES (2003469, '雷林涛', 1591, '18819999082', '123456', 1);
INSERT INTO `student` VALUES (2003470, '王香武', 1591, '18819999083', '123456', 1);
INSERT INTO `student` VALUES (2003471, '许大涛', 1591, '18819999084', '123456', 1);
INSERT INTO `student` VALUES (2003472, '刘咏明', 1591, '18819999085', '123456', 1);
INSERT INTO `student` VALUES (2003473, '樊纪雷', 1591, '18819999086', '123456', 1);
INSERT INTO `student` VALUES (2003474, '范振刚', 1591, '18819999087', '123456', 1);
INSERT INTO `student` VALUES (2003475, '刘文霞', 1591, '18819999088', '123456', 1);
INSERT INTO `student` VALUES (2003476, '张彩章', 1591, '18819999089', '123456', 1);
INSERT INTO `student` VALUES (2003477, '王维超', 1591, '18819999090', '123456', 1);
INSERT INTO `student` VALUES (2003478, '祝侃阳', 1591, '18819999091', '123456', 1);
INSERT INTO `student` VALUES (2003479, '陈选安', 1591, '18819999092', '123456', 1);
INSERT INTO `student` VALUES (2003480, '张巧军', 1591, '18819999093', '123456', 1);
INSERT INTO `student` VALUES (2003481, '强正虎', 1591, '18819999094', '123456', 1);
INSERT INTO `student` VALUES (2003482, '杨钰阳', 1591, '18819999095', '123456', 1);
INSERT INTO `student` VALUES (2003483, '殷小', 1591, '18819999096', '123456', 1);
INSERT INTO `student` VALUES (2003484, '张珠涛', 1591, '18819999097', '123456', 1);
INSERT INTO `student` VALUES (2003485, '胡彬平', 1591, '18819999098', '123456', 1);
INSERT INTO `student` VALUES (2003486, '年超民', 1591, '18819999099', '123456', 1);
INSERT INTO `student` VALUES (2003487, '陈彩茹', 1591, '18819999100', '123456', 1);
INSERT INTO `student` VALUES (2003488, '刘孝', 1591, '18819999101', '123456', 1);
INSERT INTO `student` VALUES (2003489, '温小涛', 1591, '18819999102', '123456', 1);
INSERT INTO `student` VALUES (2003490, '马正望', 1591, '18819999103', '123456', 1);
INSERT INTO `student` VALUES (2003491, '孟娟锋', 1591, '18819999104', '123456', 1);
INSERT INTO `student` VALUES (2003492, '孙加云', 1591, '18819999105', '123456', 1);
INSERT INTO `student` VALUES (2003493, '彭玉超', 1591, '18819999106', '123456', 1);
INSERT INTO `student` VALUES (2003494, '薛辉堂', 1591, '18819999107', '123456', 1);
INSERT INTO `student` VALUES (2003495, '魏定江', 1591, '18819999108', '123456', 1);
INSERT INTO `student` VALUES (2003496, '贾蜀', 1591, '18819999109', '123456', 1);
INSERT INTO `student` VALUES (2003497, '杨海文', 1591, '18819999110', '123456', 1);
INSERT INTO `student` VALUES (2003498, '王银斌', 1591, '18819999111', '123456', 1);
INSERT INTO `student` VALUES (2003499, '黄增宏', 1591, '18819999112', '123456', 1);
INSERT INTO `student` VALUES (2003500, '王小军', 1591, '18819999113', '123456', 1);
INSERT INTO `student` VALUES (2003501, '李尾锋', 1591, '18819999114', '123456', 1);
INSERT INTO `student` VALUES (2003502, '付小玲', 1591, '18819999115', '123456', 1);
INSERT INTO `student` VALUES (2003503, '屈军云', 1591, '18819999116', '123456', 1);
INSERT INTO `student` VALUES (2003504, '石而', 1591, '18819999117', '123456', 1);
INSERT INTO `student` VALUES (2003505, '黄亮', 1591, '18819999118', '123456', 1);
INSERT INTO `student` VALUES (2003506, '李雄利', 1591, '18819999119', '123456', 1);
INSERT INTO `student` VALUES (2003507, '胡朋卿', 1591, '18819999120', '123456', 1);
INSERT INTO `student` VALUES (2003508, '薛苑恒', 1591, '18819999121', '123456', 1);
INSERT INTO `student` VALUES (2003509, '搜福珠', 1591, '18819999122', '123456', 1);
INSERT INTO `student` VALUES (2003510, '张争利', 1591, '18819999123', '123456', 1);
INSERT INTO `student` VALUES (2003511, '张风', 1591, '18819999124', '123456', 1);
INSERT INTO `student` VALUES (2003512, '胡党荣', 1591, '18819999125', '123456', 1);
INSERT INTO `student` VALUES (2003513, '温毅礼', 1591, '18819999126', '123456', 1);
INSERT INTO `student` VALUES (2003514, '元远林', 1591, '18819999127', '123456', 1);
INSERT INTO `student` VALUES (2003515, '曹红仙', 1591, '18819999128', '123456', 1);
INSERT INTO `student` VALUES (2003516, '邱三', 1591, '18819999129', '123456', 1);
INSERT INTO `student` VALUES (2003517, '侯娟涛', 1591, '18819999130', '123456', 1);
INSERT INTO `student` VALUES (2003518, '李刚', 1591, '18819999131', '123456', 1);
INSERT INTO `student` VALUES (2003519, '邓三良', 1591, '18819999132', '123456', 1);
INSERT INTO `student` VALUES (2003520, '侯爱花', 1591, '18819999133', '123456', 1);
INSERT INTO `student` VALUES (2003521, '赵广盾', 1591, '18819999134', '123456', 1);
INSERT INTO `student` VALUES (2003522, '王粉玲', 1591, '18819999135', '123456', 1);
INSERT INTO `student` VALUES (2003523, '马存丽', 1591, '18819999136', '123456', 1);
INSERT INTO `student` VALUES (2003524, '薛重浑', 1591, '18819999137', '123456', 1);
INSERT INTO `student` VALUES (2003525, '秦张飞', 1591, '18819999138', '123456', 1);
INSERT INTO `student` VALUES (2003526, '张军舟', 1591, '18819999139', '123456', 1);
INSERT INTO `student` VALUES (2003527, '杨金庆', 1591, '18819999140', '123456', 1);
INSERT INTO `student` VALUES (2003528, '张永', 1591, '18819999141', '123456', 1);
INSERT INTO `student` VALUES (2003529, '尤利', 1591, '18819999142', '123456', 1);
INSERT INTO `student` VALUES (2003530, '梁涛', 1591, '18819999143', '123456', 1);
INSERT INTO `student` VALUES (2003531, '马云刚', 1591, '18819999144', '123456', 1);
INSERT INTO `student` VALUES (2003532, '张小坤', 1591, '18819999145', '123456', 1);
INSERT INTO `student` VALUES (2003533, '杨琼稳', 1591, '18819999146', '123456', 1);
INSERT INTO `student` VALUES (2003534, '靳增平', 1591, '18819999147', '123456', 1);
INSERT INTO `student` VALUES (2003535, '郝德玲', 1591, '18819999148', '123456', 1);
INSERT INTO `student` VALUES (2003536, '周娟艳', 1591, '18819999149', '123456', 1);
INSERT INTO `student` VALUES (2003537, '齐海磊', 1591, '18819999150', '123456', 1);
INSERT INTO `student` VALUES (2003538, '都荣红', 1591, '18819999151', '123456', 1);
INSERT INTO `student` VALUES (2003539, '代寅建', 1591, '18819999152', '123456', 1);
INSERT INTO `student` VALUES (2003540, '刘小', 1591, '18819999153', '123456', 1);
INSERT INTO `student` VALUES (2003541, '贾艳锁', 1591, '18819999154', '123456', 1);
INSERT INTO `student` VALUES (2003542, '叶奇斌', 1591, '18819999155', '123456', 1);
INSERT INTO `student` VALUES (5733171, '孙臣兴', 1591, '18755550009', '123456', 0);
INSERT INTO `student` VALUES (5733172, '刘海', 1591, '18755550010', '123456', 0);
INSERT INTO `student` VALUES (5733173, '张同顺', 1591, '18755550011', '123456', 0);
INSERT INTO `student` VALUES (5733174, '赵晓慧', 1591, '18755550012', '123456', 0);
INSERT INTO `student` VALUES (5733175, '王贺', 1591, '18755550013', '123456', 0);
INSERT INTO `student` VALUES (5733176, '冯起', 1591, '18755550014', '123456', 0);
INSERT INTO `student` VALUES (5733177, '蔡坤鹏', 1591, '18755550015', '123456', 0);
INSERT INTO `student` VALUES (5733178, '张艳', 1591, '18755550016', '123456', 0);
INSERT INTO `student` VALUES (5733179, '洪毅凡', 1591, '18755550017', '123456', 0);
INSERT INTO `student` VALUES (5733180, '余志伟', 1591, '18755550018', '123456', 0);
INSERT INTO `student` VALUES (5759432, '王广强', 1591, '18819999001', '123456', 0);
INSERT INTO `student` VALUES (5759433, '韩敏超', 1591, '18819999002', '123456', 0);
INSERT INTO `student` VALUES (5759434, '罗争洲', 1591, '18819999003', '123456', 0);
INSERT INTO `student` VALUES (5759435, '赵明', 1591, '18819999004', '123456', 0);
INSERT INTO `student` VALUES (5759436, '张仁玲', 1591, '18819999005', '123456', 0);
INSERT INTO `student` VALUES (5759437, '肖永臣', 1591, '18819999006', '123456', 0);
INSERT INTO `student` VALUES (5759438, '陈宝安', 1591, '18819999007', '123456', 0);
INSERT INTO `student` VALUES (5759439, '樊丹平', 1591, '18819999008', '123456', 0);
INSERT INTO `student` VALUES (5759440, '任文', 1591, '18819999009', '123456', 0);
INSERT INTO `student` VALUES (5759441, '刘爱民', 1591, '18819999010', '123456', 0);
INSERT INTO `student` VALUES (5759442, '冯志群', 1591, '18819999011', '123456', 0);
INSERT INTO `student` VALUES (5759443, '成辉梅', 1591, '18819999012', '123456', 0);
INSERT INTO `student` VALUES (5759444, '樊小添', 1591, '18819999013', '123456', 0);
INSERT INTO `student` VALUES (5759445, '陈述全', 1591, '18819999014', '123456', 0);
INSERT INTO `student` VALUES (5759446, '王军涛', 1591, '18819999015', '123456', 0);
INSERT INTO `student` VALUES (5759447, '樊红', 1591, '18819999016', '123456', 0);
INSERT INTO `student` VALUES (5759448, '赵社', 1591, '18819999017', '123456', 0);
INSERT INTO `student` VALUES (5759449, '屈枝刚', 1591, '18819999018', '123456', 0);
INSERT INTO `student` VALUES (5759450, '雷永明', 1591, '18819999019', '123456', 0);
INSERT INTO `student` VALUES (5759451, '贾相', 1591, '18819999020', '123456', 0);
INSERT INTO `student` VALUES (5759452, '张宸', 1591, '18819999021', '123456', 0);
INSERT INTO `student` VALUES (5759453, '杨启', 1591, '18819999022', '123456', 0);
INSERT INTO `student` VALUES (5759454, '侯向卫', 1591, '18819999023', '123456', 0);
INSERT INTO `student` VALUES (5759455, '许红锋', 1591, '18819999024', '123456', 0);
INSERT INTO `student` VALUES (5759456, '张乐霞', 1591, '18819999025', '123456', 0);
INSERT INTO `student` VALUES (5759457, '樊喜亮', 1591, '18819999026', '123456', 0);
INSERT INTO `student` VALUES (5759458, '肖力', 1591, '18819999027', '123456', 0);
INSERT INTO `student` VALUES (5759459, '梁敏斌', 1591, '18819999028', '123456', 0);
INSERT INTO `student` VALUES (5759460, '田仁文', 1591, '18819999029', '123456', 0);
INSERT INTO `student` VALUES (5759461, '赵建霞', 1591, '18819999030', '123456', 0);
INSERT INTO `student` VALUES (5759462, '高毅波', 1591, '18819999031', '123456', 0);
INSERT INTO `student` VALUES (5759463, '李剑保', 1591, '18819999032', '123456', 0);
INSERT INTO `student` VALUES (5759464, '王旺祥', 1591, '18819999033', '123456', 0);
INSERT INTO `student` VALUES (5759465, '宋琳利', 1591, '18819999034', '123456', 0);
INSERT INTO `student` VALUES (5759466, '齐云斌', 1591, '18819999035', '123456', 0);
INSERT INTO `student` VALUES (5759467, '党海宁', 1591, '18819999036', '123456', 0);
INSERT INTO `student` VALUES (5759468, '冯诗县', 1591, '18819999037', '123456', 0);
INSERT INTO `student` VALUES (5759469, '史浩超', 1591, '18819999038', '123456', 0);
INSERT INTO `student` VALUES (5759470, '徐海锋', 1591, '18819999039', '123456', 0);
INSERT INTO `student` VALUES (5759471, '王开荣', 1591, '18819999040', '123456', 0);
INSERT INTO `student` VALUES (5759472, '葛可杰', 1591, '18819999041', '123456', 0);
INSERT INTO `student` VALUES (5759473, '马波', 1591, '18819999042', '123456', 0);
INSERT INTO `student` VALUES (5759474, '汪群羊', 1591, '18819999043', '123456', 0);
INSERT INTO `student` VALUES (5759475, '赵新生', 1591, '18819999044', '123456', 0);
INSERT INTO `student` VALUES (5759476, '韩青庭', 1591, '18819999045', '123456', 0);
INSERT INTO `student` VALUES (5759477, '李平斌', 1591, '18819999046', '123456', 0);
INSERT INTO `student` VALUES (5759478, '张选平', 1591, '18819999047', '123456', 0);
INSERT INTO `student` VALUES (5759479, '崔俊', 1591, '18819999048', '123456', 0);
INSERT INTO `student` VALUES (5759480, '史富宾', 1591, '18819999049', '123456', 0);
INSERT INTO `student` VALUES (5759481, '樊元田', 1591, '18819999050', '123456', 0);
INSERT INTO `student` VALUES (5759482, '彭利勇', 1591, '18819999051', '123456', 0);
INSERT INTO `student` VALUES (5759483, '周彤军', 1591, '18819999052', '123456', 0);
INSERT INTO `student` VALUES (5759484, '木斌华', 1591, '18819999053', '123456', 0);
INSERT INTO `student` VALUES (5759485, '朱博鸿', 1591, '18819999054', '123456', 0);
INSERT INTO `student` VALUES (5759486, '王勇玲', 1591, '18819999055', '123456', 0);
INSERT INTO `student` VALUES (5759487, '周海', 1591, '18819999056', '123456', 0);
INSERT INTO `student` VALUES (5759488, '李磊', 1591, '18819999057', '123456', 0);
INSERT INTO `student` VALUES (5759489, '任治锋', 1591, '18819999058', '123456', 0);
INSERT INTO `student` VALUES (5759490, '徐峰龙', 1591, '18819999059', '123456', 0);
INSERT INTO `student` VALUES (5759491, '傅存胜', 1591, '18819999060', '123456', 0);
INSERT INTO `student` VALUES (5759492, '刘广田', 1591, '18819999061', '123456', 0);
INSERT INTO `student` VALUES (5759493, '范录明', 1591, '18819999062', '123456', 0);
INSERT INTO `student` VALUES (5759494, '炊永科', 1591, '18819999063', '123456', 0);
INSERT INTO `student` VALUES (5759495, '杨迎明', 1591, '18819999064', '123456', 0);
INSERT INTO `student` VALUES (5759496, '吴斌军', 1591, '18819999065', '123456', 0);
INSERT INTO `student` VALUES (5759497, '吴震飞', 1591, '18819999066', '123456', 0);
INSERT INTO `student` VALUES (5759498, '张亚成', 1591, '18819999067', '123456', 0);
INSERT INTO `student` VALUES (5759499, '赵合超', 1591, '18819999068', '123456', 0);
INSERT INTO `student` VALUES (5759500, '孙莉来', 1591, '18819999069', '123456', 0);
INSERT INTO `student` VALUES (5759501, '舒盛战', 1591, '18819999070', '123456', 0);
INSERT INTO `student` VALUES (5759502, '汪永龙', 1591, '18819999071', '123456', 0);
INSERT INTO `student` VALUES (5759503, '任小', 1591, '18819999072', '123456', 0);
INSERT INTO `student` VALUES (5759504, '王宝来', 1591, '18819999073', '123456', 0);
INSERT INTO `student` VALUES (5759505, '樊希', 1591, '18819999074', '123456', 0);
INSERT INTO `student` VALUES (5759506, '寇益卜', 1591, '18819999075', '123456', 0);
INSERT INTO `student` VALUES (5759507, '樊中霞', 1591, '18819999076', '123456', 0);
INSERT INTO `student` VALUES (5759508, '董书强', 1591, '18819999077', '123456', 0);
INSERT INTO `student` VALUES (5759509, '黄鹏明', 1591, '18819999078', '123456', 0);
INSERT INTO `student` VALUES (5759510, '兰德林', 1591, '18819999079', '123456', 0);
INSERT INTO `student` VALUES (5759511, '马冬军', 1591, '18819999080', '123456', 0);
INSERT INTO `student` VALUES (5759512, '王丰云', 1591, '18819999081', '123456', 0);
INSERT INTO `student` VALUES (5759513, '雷林涛', 1591, '18819999082', '123456', 0);
INSERT INTO `student` VALUES (5759514, '王香武', 1591, '18819999083', '123456', 0);
INSERT INTO `student` VALUES (5759515, '许大涛', 1591, '18819999084', '123456', 0);
INSERT INTO `student` VALUES (5759516, '刘咏明', 1591, '18819999085', '123456', 0);
INSERT INTO `student` VALUES (5759517, '樊纪雷', 1591, '18819999086', '123456', 0);
INSERT INTO `student` VALUES (5759518, '范振刚', 1591, '18819999087', '123456', 0);
INSERT INTO `student` VALUES (5759519, '刘文霞', 1591, '18819999088', '123456', 0);
INSERT INTO `student` VALUES (5759520, '张彩章', 1591, '18819999089', '123456', 0);
INSERT INTO `student` VALUES (5759521, '王维超', 1591, '18819999090', '123456', 0);
INSERT INTO `student` VALUES (5759522, '祝侃阳', 1591, '18819999091', '123456', 0);
INSERT INTO `student` VALUES (5759523, '陈选安', 1591, '18819999092', '123456', 0);
INSERT INTO `student` VALUES (5759524, '张巧军', 1591, '18819999093', '123456', 0);
INSERT INTO `student` VALUES (5759525, '强正虎', 1591, '18819999094', '123456', 0);
INSERT INTO `student` VALUES (5759526, '杨钰阳', 1591, '18819999095', '123456', 0);
INSERT INTO `student` VALUES (5759527, '殷小', 1591, '18819999096', '123456', 0);
INSERT INTO `student` VALUES (5759528, '张珠涛', 1591, '18819999097', '123456', 0);
INSERT INTO `student` VALUES (5759529, '胡彬平', 1591, '18819999098', '123456', 0);
INSERT INTO `student` VALUES (5759530, '年超民', 1591, '18819999099', '123456', 0);
INSERT INTO `student` VALUES (5759531, '陈彩茹', 1591, '18819999100', '123456', 0);
INSERT INTO `student` VALUES (5759532, '刘孝', 1591, '18819999101', '123456', 0);
INSERT INTO `student` VALUES (5759533, '温小涛', 1591, '18819999102', '123456', 0);
INSERT INTO `student` VALUES (5759534, '马正望', 1591, '18819999103', '123456', 0);
INSERT INTO `student` VALUES (5759535, '孟娟锋', 1591, '18819999104', '123456', 0);
INSERT INTO `student` VALUES (5759536, '孙加云', 1591, '18819999105', '123456', 0);
INSERT INTO `student` VALUES (5759537, '彭玉超', 1591, '18819999106', '123456', 0);
INSERT INTO `student` VALUES (5759538, '薛辉堂', 1591, '18819999107', '123456', 0);
INSERT INTO `student` VALUES (5759539, '魏定江', 1591, '18819999108', '123456', 0);
INSERT INTO `student` VALUES (5759540, '贾蜀', 1591, '18819999109', '123456', 0);
INSERT INTO `student` VALUES (5759541, '杨海文', 1591, '18819999110', '123456', 0);
INSERT INTO `student` VALUES (5759542, '王银斌', 1591, '18819999111', '123456', 0);
INSERT INTO `student` VALUES (5759543, '黄增宏', 1591, '18819999112', '123456', 0);
INSERT INTO `student` VALUES (5759544, '王小军', 1591, '18819999113', '123456', 0);
INSERT INTO `student` VALUES (5759545, '李尾锋', 1591, '18819999114', '123456', 0);
INSERT INTO `student` VALUES (5759546, '付小玲', 1591, '18819999115', '123456', 0);
INSERT INTO `student` VALUES (5759547, '屈军云', 1591, '18819999116', '123456', 0);
INSERT INTO `student` VALUES (5759548, '石而', 1591, '18819999117', '123456', 0);
INSERT INTO `student` VALUES (5759549, '黄亮', 1591, '18819999118', '123456', 0);
INSERT INTO `student` VALUES (5759550, '李雄利', 1591, '18819999119', '123456', 0);
INSERT INTO `student` VALUES (5759551, '胡朋卿', 1591, '18819999120', '123456', 0);
INSERT INTO `student` VALUES (5759552, '薛苑恒', 1591, '18819999121', '123456', 0);
INSERT INTO `student` VALUES (5759553, '搜福珠', 1591, '18819999122', '123456', 0);
INSERT INTO `student` VALUES (5759554, '张争利', 1591, '18819999123', '123456', 0);
INSERT INTO `student` VALUES (5759555, '张风', 1591, '18819999124', '123456', 0);
INSERT INTO `student` VALUES (5759556, '胡党荣', 1591, '18819999125', '123456', 0);
INSERT INTO `student` VALUES (5759557, '温毅礼', 1591, '18819999126', '123456', 0);
INSERT INTO `student` VALUES (5759558, '元远林', 1591, '18819999127', '123456', 0);
INSERT INTO `student` VALUES (5759559, '曹红仙', 1591, '18819999128', '123456', 0);
INSERT INTO `student` VALUES (5759560, '邱三', 1591, '18819999129', '123456', 0);
INSERT INTO `student` VALUES (5759561, '侯娟涛', 1591, '18819999130', '123456', 0);
INSERT INTO `student` VALUES (5759562, '李刚', 1591, '18819999131', '123456', 0);
INSERT INTO `student` VALUES (5759563, '邓三良', 1591, '18819999132', '123456', 0);
INSERT INTO `student` VALUES (5759564, '侯爱花', 1591, '18819999133', '123456', 0);
INSERT INTO `student` VALUES (5759565, '赵广盾', 1591, '18819999134', '123456', 0);
INSERT INTO `student` VALUES (5759566, '王粉玲', 1591, '18819999135', '123456', 0);
INSERT INTO `student` VALUES (5759567, '马存丽', 1591, '18819999136', '123456', 0);
INSERT INTO `student` VALUES (5759568, '薛重浑', 1591, '18819999137', '123456', 0);
INSERT INTO `student` VALUES (5759569, '秦张飞', 1591, '18819999138', '123456', 0);
INSERT INTO `student` VALUES (5759570, '张军舟', 1591, '18819999139', '123456', 0);
INSERT INTO `student` VALUES (5759571, '杨金庆', 1591, '18819999140', '123456', 0);
INSERT INTO `student` VALUES (5759572, '张永', 1591, '18819999141', '123456', 0);
INSERT INTO `student` VALUES (5759573, '尤利', 1591, '18819999142', '123456', 0);
INSERT INTO `student` VALUES (5759574, '梁涛', 1591, '18819999143', '123456', 0);
INSERT INTO `student` VALUES (5759575, '马云刚', 1591, '18819999144', '123456', 0);
INSERT INTO `student` VALUES (5759576, '张小坤', 1591, '18819999145', '123456', 0);
INSERT INTO `student` VALUES (5759577, '杨琼稳', 1591, '18819999146', '123456', 0);
INSERT INTO `student` VALUES (5759578, '靳增平', 1591, '18819999147', '123456', 0);
INSERT INTO `student` VALUES (5759579, '郝德玲', 1591, '18819999148', '123456', 0);
INSERT INTO `student` VALUES (5759580, '周娟艳', 1591, '18819999149', '123456', 0);
INSERT INTO `student` VALUES (5759581, '齐海磊', 1591, '18819999150', '123456', 0);
INSERT INTO `student` VALUES (5759582, '都荣红', 1591, '18819999151', '123456', 0);
INSERT INTO `student` VALUES (5759583, '代寅建', 1591, '18819999152', '123456', 0);
INSERT INTO `student` VALUES (5759584, '刘小', 1591, '18819999153', '123456', 0);
INSERT INTO `student` VALUES (5759585, '贾艳锁', 1591, '18819999154', '123456', 0);

SET FOREIGN_KEY_CHECKS = 1;
